Default GU,Interaction,Signals,Successful rate
1,3603.0,13201.0,68.027211
5,2287.0,6703.0,67.942177
10,2105.0,5793.0,68.282313
30,1973.0,5133.0,68.962585
35,1969.0,5113.0,68.707483
40,1959.0,5063.0,68.877551
50,1963.0,5083.0,68.367347
250,2303.0,6783.0,52.721088
500,2857.0,9553.0,28.996599
1000,3189.0,11213.0,14.795918
