Default GU,Interaction,Signals,Successful rate
1,3606.0,13213.0,67.772109
5,2285.0,6693.0,68.027211
10,2115.0,5843.0,67.857143
30,1981.0,5173.0,68.622449
35,1983.0,5183.0,68.112245
40,1963.0,5083.0,68.707483
50,1975.0,5143.0,67.857143
250,2285.0,6693.0,53.486395
500,2857.0,9553.0,28.996599
1000,3189.0,11213.0,14.795918
