Default GU,Interaction,Signals,Successful rate
1,3616.0,13253.0,66.921769
5,2317.0,6853.0,66.666667
10,2141.0,5973.0,66.751701
30,2001.0,5273.0,67.772109
35,2011.0,5323.0,66.921769
40,1985.0,5193.0,67.772109
50,1995.0,5243.0,67.006803
250,2309.0,6813.0,52.465986
500,2857.0,9553.0,28.996599
1000,3189.0,11213.0,14.795918
