Default GU,Interaction,Signals,Successful rate
1,3609.0,13225.0,67.517007
5,2293.0,6733.0,67.687075
10,2125.0,5893.0,67.431973
30,1987.0,5203.0,68.367347
35,1989.0,5213.0,67.857143
40,1971.0,5123.0,68.367347
50,1977.0,5153.0,67.772109
250,2309.0,6813.0,52.465986
500,2857.0,9553.0,28.996599
1000,3189.0,11213.0,14.795918
