Default GU,Interaction,Signals,Successful rate
1,3597.0,13177.0,68.537415
5,2267.0,6603.0,68.792517
10,2091.0,5723.0,68.877551
30,1963.0,5083.0,69.387755
35,1965.0,5093.0,68.877551
40,1945.0,4993.0,69.472789
50,1961.0,5073.0,68.452381
250,2307.0,6803.0,52.55102
500,2857.0,9553.0,28.996599
1000,3189.0,11213.0,14.795918
