Default GU,Interaction,Signals,Successful rate
1,3598.0,13181.0,68.452381
5,2271.0,6623.0,68.622449
10,2091.0,5723.0,68.877551
30,1961.0,5073.0,69.472789
35,1975.0,5143.0,68.452381
40,1943.0,4983.0,69.557823
50,1965.0,5093.0,68.282313
250,2277.0,6653.0,53.826531
500,2857.0,9553.0,28.996599
1000,3189.0,11213.0,14.795918
