Default GU,Interaction,Signals,Successful rate
1,3600.0,13189.0,68.282313
5,2281.0,6673.0,68.197279
10,2107.0,5803.0,68.197279
30,1969.0,5113.0,69.132653
35,1961.0,5073.0,69.047619
40,1955.0,5043.0,69.047619
50,1955.0,5043.0,68.707483
250,2277.0,6653.0,53.826531
500,2857.0,9553.0,28.996599
1000,3189.0,11213.0,14.795918
