Default GU,Interaction,Signals,Successful rate
1,3612.0,13237.0,67.261905
5,2305.0,6793.0,67.176871
10,2125.0,5893.0,67.431973
30,1993.0,5233.0,68.112245
35,1985.0,5193.0,68.027211
40,1977.0,5153.0,68.112245
50,1979.0,5163.0,67.687075
250,2305.0,6793.0,52.636054
500,2857.0,9553.0,28.996599
1000,3189.0,11213.0,14.795918
