Default GU,Interaction,Signals,Successful rate
1,3595.0,13169.0,68.707483
5,2263.0,6583.0,68.962585
10,2089.0,5713.0,68.962585
30,1963.0,5083.0,69.387755
35,1955.0,5043.0,69.302721
40,1947.0,5003.0,69.387755
50,1951.0,5023.0,68.877551
250,2287.0,6703.0,53.401361
500,2857.0,9553.0,28.996599
1000,3189.0,11213.0,14.795918
