Default GU,Interaction,Signals,Successful rate
1,2397.0,11926.0,69.982993
5,1056.0,5280.0,69.982993
10,880.0,4400.0,70.068027
50,750.0,3750.0,69.642857
250,1124.0,5620.0,52.55102
500,1674.0,8370.0,28.996599
1000,2006.0,10030.0,14.795918
2000,2006.0,10030.0,14.795918
