Default GU,Interaction,Signals,Successful rate
1,3603.0,13201.0,68.027211
5,2281.0,6673.0,68.197279
10,2105.0,5793.0,68.282313
30,1977.0,5153.0,68.792517
35,1963.0,5083.0,68.962585
40,1963.0,5083.0,68.707483
50,1957.0,5053.0,68.622449
250,2303.0,6783.0,52.721088
500,2857.0,9553.0,28.996599
1000,3189.0,11213.0,14.795918
