Default GU,Interaction,Signals,Successful rate
1,3603.0,13201.0,68.027211
5,2285.0,6693.0,68.027211
10,2107.0,5803.0,68.197279
30,1971.0,5123.0,69.047619
35,1985.0,5193.0,68.027211
40,1957.0,5053.0,68.962585
50,1969.0,5113.0,68.112245
250,2309.0,6813.0,52.465986
500,2857.0,9553.0,28.996599
1000,3189.0,11213.0,14.795918
