Default GU,Interaction,Signals,Successful rate
1,3613.0,13241.0,67.176871
5,2307.0,6803.0,67.091837
10,2131.0,5923.0,67.176871
30,1999.0,5263.0,67.857143
35,1993.0,5233.0,67.687075
40,1983.0,5183.0,67.857143
50,1987.0,5203.0,67.346939
250,2307.0,6803.0,52.55102
500,2857.0,9553.0,28.996599
1000,3189.0,11213.0,14.795918
