Default GU,Interaction,Signals,Successful rate
1,3591.0,13151.0,68.962585
5,2265.0,6593.0,68.877551
10,2085.0,5693.0,69.132653
30,1957.0,5053.0,69.642857
35,1959.0,5063.0,69.132653
40,1939.0,4963.0,69.727891
50,1951.0,5023.0,68.877551
250,2277.0,6653.0,53.826531
500,2857.0,9553.0,28.996599
1000,3189.0,11213.0,14.795918
