Default GU,Interaction,Signals,Successful rate
1,1.0,11826.0,72.108844
5,5.0,5030.0,72.108844
10,10.0,4160.0,72.108844
50,50.0,3490.0,71.853741
250,250.0,5530.0,53.316327
500,500.0,8370.0,28.996599
1000,1000.0,10030.0,14.795918
2000,2000.0,10030.0,14.795918
