Default GU,Interaction,Signals,Successful rate
1,3612.0,13237.0,67.261905
5,2305.0,6793.0,67.176871
10,2123.0,5883.0,67.517007
30,1997.0,5253.0,67.942177
35,1987.0,5203.0,67.942177
40,1981.0,5173.0,67.942177
50,1979.0,5163.0,67.687075
250,2285.0,6693.0,53.486395
500,2857.0,9553.0,28.996599
1000,3189.0,11213.0,14.795918
