Default GU,Interaction,Signals,Successful rate
1,3604.0,13205.0,67.942177
5,2283.0,6683.0,68.112245
10,2105.0,5793.0,68.282313
30,1977.0,5153.0,68.792517
35,1983.0,5183.0,68.112245
40,1959.0,5063.0,68.877551
50,1973.0,5133.0,67.942177
250,2285.0,6693.0,53.486395
500,2857.0,9553.0,28.996599
1000,3189.0,11213.0,14.795918
