Default GU,Interaction,Signals,Successful rate
1,3600.0,13187.0,68.197279
5,2279.0,6663.0,68.282313
10,2105.0,5793.0,68.282313
30,1971.0,5123.0,69.047619
35,1971.0,5123.0,68.622449
40,1953.0,5033.0,69.132653
50,1963.0,5083.0,68.367347
250,2307.0,6803.0,52.55102
500,2857.0,9553.0,28.996599
1000,3189.0,11213.0,14.795918
