Default GU,Interaction,Signals,Successful rate
1,3597.0,13177.0,68.537415
5,2269.0,6613.0,68.707483
10,2093.0,5733.0,68.792517
30,1967.0,5103.0,69.217687
35,1951.0,5023.0,69.472789
40,1949.0,5013.0,69.302721
50,1949.0,5013.0,68.962585
250,2283.0,6683.0,53.571429
500,2857.0,9553.0,28.996599
1000,3189.0,11213.0,14.795918
