Default GU,Interaction,Signals,Successful rate
1,3596.0,13173.0,68.622449
5,2269.0,6613.0,68.707483
10,2089.0,5713.0,68.962585
30,1961.0,5073.0,69.472789
35,1961.0,5073.0,69.047619
40,1943.0,4983.0,69.557823
50,1955.0,5043.0,68.707483
250,2305.0,6793.0,52.636054
500,2857.0,9553.0,28.996599
1000,3189.0,11213.0,14.795918
