Default GU,Interaction,Signals,Successful rate
1,3594.0,13165.0,68.792517
5,2265.0,6593.0,68.877551
10,2089.0,5713.0,68.962585
30,1957.0,5053.0,69.642857
35,1961.0,5073.0,69.047619
40,1939.0,4963.0,69.727891
50,1955.0,5043.0,68.707483
250,2283.0,6683.0,53.571429
500,2857.0,9553.0,28.996599
1000,3189.0,11213.0,14.795918
