Default GU,Interaction,Signals,Successful rate
1,3595.0,13167.0,68.622449
5,2269.0,6613.0,68.707483
10,2095.0,5743.0,68.707483
30,1967.0,5103.0,69.217687
35,1953.0,5033.0,69.387755
40,1953.0,5033.0,69.132653
50,1947.0,5003.0,69.047619
250,2295.0,6743.0,53.061224
500,2857.0,9553.0,28.996599
1000,3189.0,11213.0,14.795918
