Default GU,Interaction,Signals,Successful rate
1,3579.0,13105.0,70.068027
5,2237.0,6453.0,70.068027
10,2063.0,5583.0,70.068027
30,1935.0,4943.0,70.578231
35,1931.0,4923.0,70.323129
40,1921.0,4873.0,70.493197
50,1925.0,4893.0,69.982993
250,2281.0,6673.0,53.656463
500,2857.0,9553.0,28.996599
1000,3189.0,11213.0,14.795918
