Default GU,Interaction,Signals,Successful rate
1,3608.0,13221.0,67.602041
5,2295.0,6743.0,67.602041
10,2119.0,5863.0,67.687075
30,1985.0,5193.0,68.452381
35,1981.0,5173.0,68.197279
40,1967.0,5103.0,68.537415
50,1975.0,5143.0,67.857143
250,2279.0,6663.0,53.741497
500,2857.0,9553.0,28.996599
1000,3189.0,11213.0,14.795918
