Default GU,Interaction,Signals,Successful rate
1,3588.0,13141.0,69.302721
5,2253.0,6533.0,69.387755
10,2077.0,5653.0,69.472789
30,1949.0,5013.0,69.982993
35,1953.0,5033.0,69.387755
40,1931.0,4923.0,70.068027
50,1945.0,4993.0,69.132653
250,2307.0,6803.0,52.55102
500,2857.0,9553.0,28.996599
1000,3189.0,11213.0,14.795918
