Default GU,Interaction,Signals,Successful rate
1,3607.0,13217.0,67.687075
5,2293.0,6733.0,67.687075
10,2113.0,5833.0,67.942177
30,1985.0,5193.0,68.452381
35,1971.0,5123.0,68.622449
40,1969.0,5113.0,68.452381
50,1969.0,5113.0,68.112245
250,2283.0,6683.0,53.571429
500,2857.0,9553.0,28.996599
1000,3189.0,11213.0,14.795918
