Default GU,Interaction,Signals,Successful rate
1,3604.0,13205.0,67.942177
5,2285.0,6693.0,68.027211
10,2115.0,5843.0,67.857143
30,1977.0,5153.0,68.792517
35,1973.0,5133.0,68.537415
40,1961.0,5073.0,68.792517
50,1967.0,5103.0,68.197279
250,2307.0,6803.0,52.55102
500,2857.0,9553.0,28.996599
1000,3189.0,11213.0,14.795918
