Default GU,Interaction,Signals,Successful rate
1,3596.0,13173.0,68.622449
5,2269.0,6613.0,68.707483
10,2093.0,5733.0,68.792517
30,1965.0,5093.0,69.302721
35,1961.0,5073.0,69.047619
40,1947.0,5003.0,69.387755
50,1953.0,5033.0,68.792517
250,2305.0,6793.0,52.636054
500,2857.0,9553.0,28.996599
1000,3189.0,11213.0,14.795918
