Default GU,Interaction,Signals,Successful rate
1,3604.0,13203.0,67.857143
5,2287.0,6703.0,67.942177
10,2115.0,5843.0,67.857143
30,1985.0,5193.0,68.452381
35,1975.0,5143.0,68.452381
40,1969.0,5113.0,68.452381
50,1967.0,5103.0,68.197279
250,2307.0,6803.0,52.55102
500,2857.0,9553.0,28.996599
1000,3189.0,11213.0,14.795918
