Default GU,Interaction,Signals,Successful rate
1,3589.0,13145.0,69.217687
5,2257.0,6553.0,69.217687
10,2081.0,5673.0,69.302721
30,1955.0,5043.0,69.727891
35,1935.0,4943.0,70.153061
40,1941.0,4973.0,69.642857
50,1937.0,4953.0,69.472789
250,2303.0,6783.0,52.721088
500,2857.0,9553.0,28.996599
1000,3189.0,11213.0,14.795918
