Default GU,Interaction,Signals,Successful rate
1,3598.0,13181.0,68.452381
5,2273.0,6633.0,68.537415
10,2095.0,5743.0,68.707483
30,1965.0,5093.0,69.302721
35,1953.0,5033.0,69.387755
40,1951.0,5023.0,69.217687
50,1951.0,5023.0,68.877551
250,2283.0,6683.0,53.571429
500,2857.0,9553.0,28.996599
1000,3189.0,11213.0,14.795918
