Default GU,Interaction,Signals,Successful rate
1,3603.0,13201.0,68.027211
5,2281.0,6673.0,68.197279
10,2107.0,5803.0,68.197279
30,1973.0,5133.0,68.962585
35,1985.0,5193.0,68.027211
40,1957.0,5053.0,68.962585
50,1971.0,5123.0,68.027211
250,2305.0,6793.0,52.636054
500,2857.0,9553.0,28.996599
1000,3189.0,11213.0,14.795918
