Default GU,Interaction,Signals,Successful rate
1,3591.0,13151.0,68.962585
5,2261.0,6573.0,69.047619
10,2085.0,5693.0,69.132653
30,1961.0,5073.0,69.472789
35,1953.0,5033.0,69.387755
40,1945.0,4993.0,69.472789
50,1953.0,5033.0,68.792517
250,2283.0,6683.0,53.571429
500,2857.0,9553.0,28.996599
1000,3189.0,11213.0,14.795918
