Default GU,Interaction,Signals,Successful rate
1,3601.0,13193.0,68.197279
5,2281.0,6673.0,68.197279
10,2105.0,5793.0,68.282313
30,1981.0,5173.0,68.622449
35,1955.0,5043.0,69.302721
40,1965.0,5093.0,68.622449
50,1953.0,5033.0,68.792517
250,2303.0,6783.0,52.721088
500,2857.0,9553.0,28.996599
1000,3189.0,11213.0,14.795918
