Default GU,Interaction,Signals,Successful rate
1,1.0,12042.0,67.517007
5,5.0,5560.0,67.602041
10,10.0,4720.0,67.346939
50,50.0,4000.0,67.517007
250,250.0,5630.0,52.465986
500,500.0,8370.0,28.996599
1000,1000.0,10030.0,14.795918
2000,2000.0,10030.0,14.795918
