Default GU,Interaction,Signals,Successful rate
1,3581.0,13113.0,69.897959
5,2241.0,6473.0,69.897959
10,2065.0,5593.0,69.982993
30,1943.0,4983.0,70.238095
35,1935.0,4943.0,70.153061
40,1925.0,4893.0,70.323129
50,1931.0,4923.0,69.727891
250,2309.0,6813.0,52.465986
500,2857.0,9553.0,28.996599
1000,3189.0,11213.0,14.795918
