Default GU,Interaction,Signals,Successful rate
1,3598.0,13181.0,68.452381
5,2273.0,6633.0,68.537415
10,2089.0,5713.0,68.962585
30,1961.0,5073.0,69.472789
35,1973.0,5133.0,68.537415
40,1945.0,4993.0,69.472789
50,1963.0,5083.0,68.367347
250,2309.0,6813.0,52.465986
500,2857.0,9553.0,28.996599
1000,3189.0,11213.0,14.795918
