Default GU,Interaction,Signals,Successful rate
1,3596.0,13171.0,68.537415
5,2269.0,6613.0,68.707483
10,2091.0,5723.0,68.877551
30,1957.0,5053.0,69.642857
35,1969.0,5113.0,68.707483
40,1943.0,4983.0,69.557823
50,1961.0,5073.0,68.452381
250,2303.0,6783.0,52.721088
500,2857.0,9553.0,28.996599
1000,3189.0,11213.0,14.795918
