Default GU,Interaction,Signals,Successful rate
1,3597.0,13177.0,68.537415
5,2269.0,6613.0,68.707483
10,2093.0,5733.0,68.792517
30,1969.0,5113.0,69.132653
35,1961.0,5073.0,69.047619
40,1951.0,5023.0,69.217687
50,1959.0,5063.0,68.537415
250,2283.0,6683.0,53.571429
500,2857.0,9553.0,28.996599
1000,3189.0,11213.0,14.795918
