Default GU,Interaction,Signals,Successful rate
1,3612.0,13237.0,67.261905
5,2303.0,6783.0,67.261905
10,2133.0,5933.0,67.091837
30,1993.0,5233.0,68.112245
35,1991.0,5223.0,67.772109
40,1977.0,5153.0,68.112245
50,1983.0,5183.0,67.517007
250,2307.0,6803.0,52.55102
500,2857.0,9553.0,28.996599
1000,3189.0,11213.0,14.795918
