Default GU,Interaction,Signals,Successful rate
1,3601.0,13193.0,68.197279
5,2281.0,6673.0,68.197279
10,2107.0,5803.0,68.197279
30,1969.0,5113.0,69.132653
35,1965.0,5093.0,68.877551
40,1953.0,5033.0,69.132653
50,1959.0,5063.0,68.537415
250,2277.0,6653.0,53.826531
500,2857.0,9553.0,28.996599
1000,3189.0,11213.0,14.795918
