Default GU,Interaction,Signals,Successful rate
1,3592.0,13157.0,68.962585
5,2261.0,6573.0,69.047619
10,2089.0,5713.0,68.962585
30,1963.0,5083.0,69.387755
35,1943.0,4983.0,69.812925
40,1949.0,5013.0,69.302721
50,1943.0,4983.0,69.217687
250,2289.0,6713.0,53.316327
500,2857.0,9553.0,28.996599
1000,3189.0,11213.0,14.795918
