Default GU,Interaction,Signals,Successful rate
1,3611.0,13233.0,67.346939
5,2303.0,6783.0,67.261905
10,2129.0,5913.0,67.261905
30,2001.0,5273.0,67.772109
35,1981.0,5173.0,68.197279
40,1983.0,5183.0,67.857143
50,1975.0,5143.0,67.857143
250,2303.0,6783.0,52.721088
500,2857.0,9553.0,28.996599
1000,3189.0,11213.0,14.795918
