Default GU,Interaction,Signals,Successful rate
1,3605.0,13209.0,67.857143
5,2291.0,6723.0,67.772109
10,2113.0,5833.0,67.942177
30,1983.0,5183.0,68.537415
35,1969.0,5113.0,68.707483
40,1967.0,5103.0,68.537415
50,1963.0,5083.0,68.367347
250,2303.0,6783.0,52.721088
500,2857.0,9553.0,28.996599
1000,3189.0,11213.0,14.795918
