Default GU,Interaction,Signals,Successful rate
1,3601.0,13193.0,68.197279
5,2277.0,6653.0,68.367347
10,2101.0,5773.0,68.452381
30,1973.0,5133.0,68.962585
35,1959.0,5063.0,69.132653
40,1957.0,5053.0,68.962585
50,1957.0,5053.0,68.622449
250,2303.0,6783.0,52.721088
500,2857.0,9553.0,28.996599
1000,3189.0,11213.0,14.795918
