Default GU,Interaction,Signals,Successful rate
1,3605.0,13209.0,67.857143
5,2285.0,6693.0,68.027211
10,2117.0,5853.0,67.772109
30,1977.0,5153.0,68.792517
35,1979.0,5163.0,68.282313
40,1961.0,5073.0,68.792517
50,1973.0,5133.0,67.942177
250,2305.0,6793.0,52.636054
500,2857.0,9553.0,28.996599
1000,3189.0,11213.0,14.795918
