Default GU,Interaction,Signals,Successful rate
1,3585.0,13129.0,69.557823
5,2247.0,6503.0,69.642857
10,2073.0,5633.0,69.642857
30,1951.0,5023.0,69.897959
35,1939.0,4963.0,69.982993
40,1935.0,4943.0,69.897959
50,1937.0,4953.0,69.472789
250,2303.0,6783.0,52.721088
500,2857.0,9553.0,28.996599
1000,3189.0,11213.0,14.795918
