Default GU,Interaction,Signals,Successful rate
1,3599.0,13183.0,68.282313
5,2279.0,6663.0,68.282313
10,2103.0,5783.0,68.367347
30,1967.0,5103.0,69.217687
35,1965.0,5093.0,68.877551
40,1953.0,5033.0,69.132653
50,1959.0,5063.0,68.537415
250,2299.0,6763.0,52.891156
500,2857.0,9553.0,28.996599
1000,3189.0,11213.0,14.795918
