Default GU,Interaction,Signals,Successful rate
1,3610.0,13229.0,67.431973
5,2297.0,6753.0,67.517007
10,2121.0,5873.0,67.602041
30,1995.0,5243.0,68.027211
35,1981.0,5173.0,68.197279
40,1977.0,5153.0,68.112245
50,1975.0,5143.0,67.857143
250,2303.0,6783.0,52.721088
500,2857.0,9553.0,28.996599
1000,3189.0,11213.0,14.795918
