Default GU,Interaction,Signals,Successful rate
1,3607.0,13217.0,67.687075
5,2293.0,6733.0,67.687075
10,2119.0,5863.0,67.687075
30,1983.0,5183.0,68.537415
35,1987.0,5203.0,67.942177
40,1969.0,5113.0,68.452381
50,1971.0,5123.0,68.027211
250,2307.0,6803.0,52.55102
500,2857.0,9553.0,28.996599
1000,3189.0,11213.0,14.795918
