Default GU,Interaction,Signals,Successful rate
1,3581.0,13113.0,69.897959
5,2241.0,6473.0,69.897959
10,2067.0,5603.0,69.897959
30,1939.0,4963.0,70.408163
35,1939.0,4963.0,69.982993
40,1923.0,4883.0,70.408163
50,1937.0,4953.0,69.472789
250,2281.0,6673.0,53.656463
500,2857.0,9553.0,28.996599
1000,3189.0,11213.0,14.795918
