Default GU,Interaction,Signals,Successful rate
1,3593.0,13161.0,68.877551
5,2265.0,6593.0,68.877551
10,2085.0,5693.0,69.132653
30,1959.0,5063.0,69.557823
35,1955.0,5043.0,69.302721
40,1943.0,4983.0,69.557823
50,1951.0,5023.0,68.877551
250,2305.0,6793.0,52.636054
500,2857.0,9553.0,28.996599
1000,3189.0,11213.0,14.795918
