Default GU,Interaction,Signals,Successful rate
1,3596.0,13171.0,68.537415
5,2271.0,6623.0,68.622449
10,2091.0,5723.0,68.877551
30,1961.0,5073.0,69.472789
35,1969.0,5113.0,68.707483
40,1943.0,4983.0,69.557823
50,1961.0,5073.0,68.452381
250,2281.0,6673.0,53.656463
500,2857.0,9553.0,28.996599
1000,3189.0,11213.0,14.795918
