Default GU,Interaction,Signals,Successful rate
1,3602.0,13195.0,68.027211
5,2283.0,6683.0,68.112245
10,2105.0,5793.0,68.282313
30,1975.0,5143.0,68.877551
35,1979.0,5163.0,68.282313
40,1959.0,5063.0,68.877551
50,1971.0,5123.0,68.027211
250,2281.0,6673.0,53.656463
500,2857.0,9553.0,28.996599
1000,3189.0,11213.0,14.795918
