Default GU,Interaction,Signals,Successful rate
1,3589.0,13145.0,69.217687
5,2255.0,6543.0,69.302721
10,2075.0,5643.0,69.557823
30,1947.0,5003.0,70.068027
35,1951.0,5023.0,69.472789
40,1931.0,4923.0,70.068027
50,1941.0,4973.0,69.302721
250,2283.0,6683.0,53.571429
500,2857.0,9553.0,28.996599
1000,3189.0,11213.0,14.795918
