Default GU,Interaction,Signals,Successful rate
1,3612.0,13237.0,67.261905
5,2307.0,6803.0,67.091837
10,2135.0,5943.0,67.006803
30,1995.0,5243.0,68.027211
35,1997.0,5253.0,67.517007
40,1977.0,5153.0,68.112245
50,1987.0,5203.0,67.346939
250,2305.0,6793.0,52.636054
500,2857.0,9553.0,28.996599
1000,3189.0,11213.0,14.795918
