Default GU,Interaction,Signals,Successful rate
1,3610.0,13229.0,67.431973
5,2301.0,6773.0,67.346939
10,2123.0,5883.0,67.517007
30,1995.0,5243.0,68.027211
35,1987.0,5203.0,67.942177
40,1979.0,5163.0,68.027211
50,1977.0,5153.0,67.772109
250,2295.0,6743.0,53.061224
500,2857.0,9553.0,28.996599
1000,3189.0,11213.0,14.795918
