Default GU,Interaction,Signals,Successful rate
1,3621.0,13273.0,66.496599
5,2323.0,6883.0,66.411565
10,2145.0,5993.0,66.581633
30,2015.0,5343.0,67.176871
35,2021.0,5373.0,66.496599
40,1999.0,5263.0,67.176871
50,2003.0,5283.0,66.666667
250,2307.0,6803.0,52.55102
500,2857.0,9553.0,28.996599
1000,3189.0,11213.0,14.795918
