Default GU,Interaction,Signals,Successful rate
1,3612.0,13237.0,67.261905
5,2305.0,6793.0,67.176871
10,2131.0,5923.0,67.176871
30,2005.0,5293.0,67.602041
35,1987.0,5203.0,67.942177
40,1989.0,5213.0,67.602041
50,1981.0,5173.0,67.602041
250,2297.0,6753.0,52.97619
500,2857.0,9553.0,28.996599
1000,3189.0,11213.0,14.795918
