Default GU,Interaction,Signals,Successful rate
1,3609.0,13225.0,67.517007
5,2293.0,6733.0,67.687075
10,2123.0,5883.0,67.517007
30,1983.0,5183.0,68.537415
35,1987.0,5203.0,67.942177
40,1969.0,5113.0,68.452381
50,1975.0,5143.0,67.857143
250,2309.0,6813.0,52.465986
500,2857.0,9553.0,28.996599
1000,3189.0,11213.0,14.795918
