Default GU,Interaction,Signals,Successful rate
1,3581.0,13113.0,69.897959
5,2241.0,6473.0,69.897959
10,2067.0,5603.0,69.897959
30,1939.0,4963.0,70.408163
35,1937.0,4953.0,70.068027
40,1925.0,4893.0,70.323129
50,1935.0,4943.0,69.557823
250,2277.0,6653.0,53.826531
500,2857.0,9553.0,28.996599
1000,3189.0,11213.0,14.795918
