Default GU,Interaction,Signals,Successful rate
1,3594.0,13165.0,68.792517
5,2263.0,6583.0,68.962585
10,2087.0,5703.0,69.047619
30,1959.0,5063.0,69.557823
35,1957.0,5053.0,69.217687
40,1941.0,4973.0,69.642857
50,1955.0,5043.0,68.707483
250,2277.0,6653.0,53.826531
500,2857.0,9553.0,28.996599
1000,3189.0,11213.0,14.795918
