Default GU,Interaction,Signals,Successful rate
1,3592.0,13157.0,68.962585
5,2263.0,6583.0,68.962585
10,2081.0,5673.0,69.302721
30,1951.0,5023.0,69.897959
35,1959.0,5063.0,69.132653
40,1935.0,4943.0,69.897959
50,1953.0,5033.0,68.792517
250,2309.0,6813.0,52.465986
500,2857.0,9553.0,28.996599
1000,3189.0,11213.0,14.795918
