Default GU,Interaction,Signals,Successful rate
1,2409.0,11974.0,68.962585
5,1080.0,5400.0,68.962585
10,902.0,4510.0,69.132653
50,764.0,3820.0,69.047619
250,1122.0,5610.0,52.636054
500,1674.0,8370.0,28.996599
1000,2006.0,10030.0,14.795918
2000,2006.0,10030.0,14.795918
