Default GU,Interaction,Signals,Successful rate
1,3588.0,13141.0,69.302721
5,2255.0,6543.0,69.302721
10,2081.0,5673.0,69.302721
30,1949.0,5013.0,69.982993
35,1947.0,5003.0,69.642857
40,1935.0,4943.0,69.897959
50,1945.0,4993.0,69.132653
250,2277.0,6653.0,53.826531
500,2857.0,9553.0,28.996599
1000,3189.0,11213.0,14.795918
