Number of devices,Interaction,Signals,Successful rate
1,289.0,769.0,66.666667
2,552.0,1408.0,70.238095
3,817.0,2057.0,71.230159
4,1092.0,2756.0,70.982143
5,1379.0,3515.0,70.119048
6,1662.0,4254.0,69.742063
