Number of devices,Interaction,Signals,Successful rate
1,261.0,629.0,75.0
2,552.0,1408.0,70.238095
3,833.0,2137.0,69.642857
4,1120.0,2896.0,68.89881
5,1379.0,3515.0,70.119048
6,1662.0,4254.0,69.742063
