Number of devices,Interaction,Signals,Successful rate
1,287.0,759.0,67.261905
2,572.0,1508.0,67.261905
3,833.0,2137.0,69.642857
4,1118.0,2886.0,69.047619
5,1393.0,3585.0,69.285714
6,1664.0,4264.0,69.642857
