Number of devices,Interaction,Signals,Successful rate
1,287.0,759.0,67.261905
2,550.0,1398.0,70.535714
3,843.0,2187.0,68.650794
4,1108.0,2836.0,69.791667
5,1389.0,3565.0,69.52381
6,1676.0,4324.0,69.047619
