Number of devices,Interaction,Signals,Successful rate
1,271.0,679.0,72.02381
2,564.0,1468.0,68.452381
3,855.0,2247.0,67.460317
4,1136.0,2976.0,67.708333
5,1421.0,3725.0,67.619048
6,1682.0,4354.0,68.75
