Number of devices,Interaction,Signals,Successful rate
1,287.0,759.0,67.261905
2,568.0,1488.0,67.857143
3,845.0,2197.0,68.452381
4,1104.0,2816.0,70.089286
5,1385.0,3545.0,69.761905
6,1670.0,4294.0,69.345238
