Number of devices,Interaction,Signals,Successful rate
1,287.0,759.0,67.261905
2,572.0,1508.0,67.261905
3,859.0,2267.0,67.063492
4,1136.0,2976.0,67.708333
5,1417.0,3705.0,67.857143
6,1686.0,4374.0,68.551587
