Number of devices,Interaction,Signals,Successful rate
1,263.0,639.0,74.404762
2,528.0,1288.0,73.809524
3,793.0,1937.0,73.611111
4,1062.0,2606.0,73.214286
5,1353.0,3385.0,71.666667
6,1638.0,4134.0,70.93254
