Number of devices,Interaction,Signals,Successful rate
1,291.0,779.0,66.071429
2,568.0,1488.0,67.857143
3,853.0,2237.0,67.65873
4,1128.0,2936.0,68.303571
5,1411.0,3675.0,68.214286
6,1694.0,4414.0,68.154762
