Number of devices,Interaction,Signals,Successful rate
1,265.0,649.0,73.809524
2,552.0,1408.0,70.238095
3,833.0,2137.0,69.642857
4,1120.0,2896.0,68.89881
5,1385.0,3545.0,69.761905
6,1670.0,4294.0,69.345238
