Number of devices,Interaction,Signals,Successful rate
1,291.0,779.0,66.071429
2,576.0,1528.0,66.666667
3,843.0,2187.0,68.650794
4,1110.0,2846.0,69.642857
5,1377.0,3505.0,70.238095
6,1658.0,4234.0,69.940476
