Number of devices,Interaction,Signals,Successful rate
1,291.0,779.0,66.071429
2,572.0,1508.0,67.261905
3,857.0,2257.0,67.261905
4,1130.0,2946.0,68.154762
5,1415.0,3695.0,67.97619
6,1688.0,4384.0,68.452381
