Number of devices,Interaction,Signals,Successful rate
1,287.0,759.0,67.261905
2,576.0,1528.0,66.666667
3,853.0,2237.0,67.65873
4,1112.0,2856.0,69.494048
5,1381.0,3525.0,70.0
6,1650.0,4194.0,70.337302
