Number of devices,Interaction,Signals,Successful rate
1,287.0,759.0,67.261905
2,572.0,1508.0,67.261905
3,853.0,2237.0,67.65873
4,1144.0,3016.0,67.113095
5,1425.0,3745.0,67.380952
6,1712.0,4504.0,67.261905
