Number of devices,Interaction,Signals,Successful rate
1,287.0,759.0,67.261905
2,572.0,1508.0,67.261905
3,853.0,2237.0,67.65873
4,1132.0,2956.0,68.005952
5,1419.0,3715.0,67.738095
6,1690.0,4394.0,68.353175
