Number of devices,Interaction,Signals,Successful rate
1,289.0,769.0,66.666667
2,560.0,1448.0,69.047619
3,833.0,2137.0,69.642857
4,1118.0,2886.0,69.047619
5,1397.0,3605.0,69.047619
6,1670.0,4294.0,69.345238
