Number of devices,Interaction,Signals,Successful rate
1,289.0,769.0,66.666667
2,564.0,1468.0,68.452381
3,845.0,2197.0,68.452381
4,1126.0,2926.0,68.452381
5,1387.0,3555.0,69.642857
6,1660.0,4244.0,69.84127
