Number of devices,Interaction,Signals,Successful rate
1,287.0,759.0,67.261905
2,572.0,1508.0,67.261905
3,857.0,2257.0,67.261905
4,1122.0,2906.0,68.75
5,1397.0,3605.0,69.047619
6,1682.0,4354.0,68.75
