Number of devices,Interaction,Signals,Successful rate
1,291.0,779.0,66.071429
2,562.0,1458.0,68.75
3,849.0,2217.0,68.055556
4,1134.0,2966.0,67.857143
5,1419.0,3715.0,67.738095
6,1700.0,4444.0,67.857143
