Number of devices,Interaction,Signals,Successful rate
1,291.0,779.0,66.071429
2,582.0,1558.0,65.77381
3,865.0,2297.0,66.468254
4,1124.0,2916.0,68.60119
5,1391.0,3575.0,69.404762
6,1680.0,4344.0,68.849206
