Number of devices,Interaction,Signals,Successful rate
1,293.0,789.0,65.47619
2,578.0,1538.0,66.369048
3,845.0,2197.0,68.452381
4,1112.0,2856.0,69.494048
5,1381.0,3525.0,70.0
6,1668.0,4284.0,69.444444
