Number of devices,Interaction,Signals,Successful rate
1,293.0,789.0,65.47619
2,582.0,1558.0,65.77381
3,851.0,2227.0,67.857143
4,1128.0,2936.0,68.303571
5,1391.0,3575.0,69.404762
6,1656.0,4224.0,70.039683
