Number of devices,Interaction,Signals,Successful rate
1,283.0,739.0,68.452381
2,572.0,1508.0,67.261905
3,835.0,2147.0,69.444444
4,1114.0,2866.0,69.345238
5,1397.0,3605.0,69.047619
6,1678.0,4334.0,68.948413
