Number of devices,Interaction,Signals,Successful rate
1,291.0,779.0,66.071429
2,576.0,1528.0,66.666667
3,843.0,2187.0,68.650794
4,1128.0,2936.0,68.303571
5,1399.0,3615.0,68.928571
6,1670.0,4294.0,69.345238
