Number of devices,Interaction,Signals,Successful rate
1,271.0,679.0,72.02381
2,564.0,1468.0,68.452381
3,847.0,2207.0,68.253968
4,1122.0,2906.0,68.75
5,1387.0,3555.0,69.642857
6,1672.0,4304.0,69.246032
