Number of devices,Interaction,Signals,Successful rate
1,291.0,779.0,66.071429
2,580.0,1548.0,66.071429
3,867.0,2307.0,66.269841
4,1132.0,2956.0,68.005952
5,1397.0,3605.0,69.047619
6,1684.0,4364.0,68.650794
