Number of devices,Interaction,Signals,Successful rate
1,291.0,779.0,66.071429
2,576.0,1528.0,66.666667
3,839.0,2167.0,69.047619
4,1116.0,2876.0,69.196429
5,1397.0,3605.0,69.047619
6,1676.0,4324.0,69.047619
