Number of devices,Interaction,Signals,Successful rate
1,291.0,779.0,66.071429
2,568.0,1488.0,67.857143
3,857.0,2257.0,67.261905
4,1116.0,2876.0,69.196429
5,1399.0,3615.0,68.928571
6,1684.0,4364.0,68.650794
