Number of devices,Interaction,Signals,Successful rate
1,289.0,769.0,66.666667
2,578.0,1538.0,66.369048
3,843.0,2187.0,68.650794
4,1126.0,2926.0,68.452381
5,1397.0,3605.0,69.047619
6,1682.0,4354.0,68.75
