Number of devices,Interaction,Signals,Successful rate
1,289.0,769.0,66.666667
2,578.0,1538.0,66.369048
3,845.0,2197.0,68.452381
4,1108.0,2836.0,69.791667
5,1391.0,3575.0,69.404762
6,1674.0,4314.0,69.146825
