Number of devices,Interaction,Signals,Successful rate
1,289.0,769.0,66.666667
2,568.0,1488.0,67.857143
3,835.0,2147.0,69.444444
4,1120.0,2896.0,68.89881
5,1409.0,3665.0,68.333333
6,1692.0,4404.0,68.253968
