Number of devices,Interaction,Signals,Successful rate
1,293.0,789.0,65.47619
2,580.0,1548.0,66.071429
3,849.0,2217.0,68.055556
4,1110.0,2846.0,69.642857
5,1395.0,3595.0,69.166667
6,1676.0,4324.0,69.047619
