Number of devices,Interaction,Signals,Successful rate
1,287.0,759.0,67.261905
2,550.0,1398.0,70.535714
3,839.0,2167.0,69.047619
4,1114.0,2866.0,69.345238
5,1397.0,3605.0,69.047619
6,1688.0,4384.0,68.452381
