Number of devices,Interaction,Signals,Successful rate
1,291.0,779.0,66.071429
2,576.0,1528.0,66.666667
3,859.0,2267.0,67.063492
4,1120.0,2896.0,68.89881
5,1387.0,3555.0,69.642857
6,1660.0,4244.0,69.84127
