Number of devices,Interaction,Signals,Successful rate
1,267.0,659.0,73.214286
2,536.0,1328.0,72.619048
3,827.0,2107.0,70.238095
4,1106.0,2826.0,69.940476
5,1373.0,3485.0,70.47619
6,1674.0,4314.0,69.146825
