Number of devices,Interaction,Signals,Successful rate
1,291.0,779.0,66.071429
2,580.0,1548.0,66.071429
3,867.0,2307.0,66.269841
4,1148.0,3036.0,66.815476
5,1419.0,3715.0,67.738095
6,1688.0,4384.0,68.452381
