Number of devices,Interaction,Signals,Successful rate
1,293.0,789.0,65.47619
2,578.0,1538.0,66.369048
3,863.0,2287.0,66.666667
4,1144.0,3016.0,67.113095
5,1425.0,3745.0,67.380952
6,1692.0,4404.0,68.253968
