Number of devices,Interaction,Signals,Successful rate
1,267.0,659.0,73.214286
2,558.0,1438.0,69.345238
3,841.0,2177.0,68.849206
4,1122.0,2906.0,68.75
5,1413.0,3685.0,68.095238
6,1692.0,4404.0,68.253968
