Number of devices,Interaction,Signals,Successful rate
1,293.0,789.0,65.47619
2,562.0,1458.0,68.75
3,839.0,2167.0,69.047619
4,1114.0,2866.0,69.345238
5,1375.0,3495.0,70.357143
6,1658.0,4234.0,69.940476
