Number of devices,Interaction,Signals,Successful rate
1,293.0,789.0,65.47619
2,580.0,1548.0,66.071429
3,849.0,2217.0,68.055556
4,1132.0,2956.0,68.005952
5,1393.0,3585.0,69.285714
6,1670.0,4294.0,69.345238
