Number of devices,Interaction,Signals,Successful rate
1,287.0,759.0,67.261905
2,576.0,1528.0,66.666667
3,857.0,2257.0,67.261905
4,1144.0,3016.0,67.113095
5,1429.0,3765.0,67.142857
6,1718.0,4534.0,66.964286
