Number of devices,Interaction,Signals,Successful rate
1,287.0,759.0,67.261905
2,572.0,1508.0,67.261905
3,835.0,2147.0,69.444444
4,1118.0,2886.0,69.047619
5,1401.0,3625.0,68.809524
6,1684.0,4364.0,68.650794
