Number of devices,Interaction,Signals,Successful rate
1,287.0,759.0,67.261905
2,570.0,1498.0,67.559524
3,847.0,2207.0,68.253968
4,1130.0,2946.0,68.154762
5,1395.0,3595.0,69.166667
6,1680.0,4344.0,68.849206
