Number of devices,Interaction,Signals,Successful rate
1,287.0,759.0,67.261905
2,576.0,1528.0,66.666667
3,859.0,2267.0,67.063492
4,1150.0,3046.0,66.666667
5,1417.0,3705.0,67.857143
6,1702.0,4454.0,67.757937
