Number of devices,Interaction,Signals,Successful rate
1,283.0,739.0,68.452381
2,570.0,1498.0,67.559524
3,851.0,2227.0,67.857143
4,1146.0,3026.0,66.964286
5,1417.0,3705.0,67.857143
6,1700.0,4444.0,67.857143
