Number of devices,Interaction,Signals,Successful rate
1,283.0,739.0,68.452381
2,570.0,1498.0,67.559524
3,831.0,2127.0,69.84127
4,1120.0,2896.0,68.89881
5,1401.0,3625.0,68.809524
6,1688.0,4384.0,68.452381
