Number of devices,Interaction,Signals,Successful rate
1,267.0,659.0,73.214286
2,546.0,1378.0,71.130952
3,831.0,2127.0,69.84127
4,1106.0,2826.0,69.940476
5,1371.0,3475.0,70.595238
6,1658.0,4234.0,69.940476
