Number of devices,Interaction,Signals,Successful rate
1,291.0,779.0,66.071429
2,580.0,1548.0,66.071429
3,865.0,2297.0,66.468254
4,1136.0,2976.0,67.708333
5,1411.0,3675.0,68.214286
6,1700.0,4444.0,67.857143
