Number of devices,Interaction,Signals,Successful rate
1,269.0,669.0,72.619048
2,548.0,1388.0,70.833333
3,837.0,2157.0,69.246032
4,1118.0,2886.0,69.047619
5,1389.0,3565.0,69.52381
6,1682.0,4354.0,68.75
