Number of devices,Interaction,Signals,Successful rate
1,287.0,759.0,67.261905
2,548.0,1388.0,70.833333
3,823.0,2087.0,70.634921
4,1102.0,2806.0,70.238095
5,1387.0,3555.0,69.642857
6,1672.0,4304.0,69.246032
