Number of devices,Interaction,Signals,Successful rate
1,289.0,769.0,66.666667
2,576.0,1528.0,66.666667
3,857.0,2257.0,67.261905
4,1132.0,2956.0,68.005952
5,1415.0,3695.0,67.97619
6,1702.0,4454.0,67.757937
