Number of devices,Interaction,Signals,Successful rate
1,271.0,679.0,72.02381
2,560.0,1448.0,69.047619
3,833.0,2137.0,69.642857
4,1120.0,2896.0,68.89881
5,1395.0,3595.0,69.166667
6,1674.0,4314.0,69.146825
