Number of devices,Interaction,Signals,Successful rate
1,281.0,729.0,69.047619
2,546.0,1378.0,71.130952
3,817.0,2057.0,71.230159
4,1086.0,2726.0,71.428571
5,1375.0,3495.0,70.357143
6,1652.0,4204.0,70.238095
