Number of devices,Interaction,Signals,Successful rate
1,289.0,769.0,66.666667
2,568.0,1488.0,67.857143
3,849.0,2217.0,68.055556
4,1132.0,2956.0,68.005952
5,1391.0,3575.0,69.404762
6,1684.0,4364.0,68.650794
