Number of devices,Interaction,Signals,Successful rate
1,291.0,779.0,66.071429
2,572.0,1508.0,67.261905
3,845.0,2197.0,68.452381
4,1126.0,2926.0,68.452381
5,1397.0,3605.0,69.047619
6,1672.0,4304.0,69.246032
