Number of devices,Interaction,Signals,Successful rate
1,287.0,759.0,67.261905
2,562.0,1458.0,68.75
3,827.0,2107.0,70.238095
4,1114.0,2866.0,69.345238
5,1397.0,3605.0,69.047619
6,1660.0,4244.0,69.84127
