Number of devices,Interaction,Signals,Successful rate
1,283.0,739.0,68.452381
2,572.0,1508.0,67.261905
3,853.0,2237.0,67.65873
4,1134.0,2966.0,67.857143
5,1427.0,3755.0,67.261905
6,1702.0,4454.0,67.757937
