Number of devices,Interaction,Signals,Successful rate
1,291.0,779.0,66.071429
2,576.0,1528.0,66.666667
3,855.0,2247.0,67.460317
4,1136.0,2976.0,67.708333
5,1407.0,3655.0,68.452381
6,1674.0,4314.0,69.146825
