Number of devices,Interaction,Signals,Successful rate
1,287.0,759.0,67.261905
2,578.0,1538.0,66.369048
3,847.0,2207.0,68.253968
4,1136.0,2976.0,67.708333
5,1417.0,3705.0,67.857143
6,1700.0,4444.0,67.857143
