Number of devices,Interaction,Signals,Successful rate
1,287.0,759.0,67.261905
2,554.0,1418.0,69.940476
3,821.0,2077.0,70.833333
4,1102.0,2806.0,70.238095
5,1389.0,3565.0,69.52381
6,1658.0,4234.0,69.940476
