Number of devices,Interaction,Signals,Successful rate
1,291.0,779.0,66.071429
2,580.0,1548.0,66.071429
3,865.0,2297.0,66.468254
4,1140.0,2996.0,67.410714
5,1425.0,3745.0,67.380952
6,1708.0,4484.0,67.460317
