Number of devices,Interaction,Signals,Successful rate
1,287.0,759.0,67.261905
2,578.0,1538.0,66.369048
3,849.0,2217.0,68.055556
4,1130.0,2946.0,68.154762
5,1411.0,3675.0,68.214286
6,1694.0,4414.0,68.154762
