Number of devices,Interaction,Signals,Successful rate
1,289.0,769.0,66.666667
2,562.0,1458.0,68.75
3,845.0,2197.0,68.452381
4,1136.0,2976.0,67.708333
5,1407.0,3655.0,68.452381
6,1674.0,4314.0,69.146825
