Number of devices,Interaction,Signals,Successful rate
1,261.0,629.0,75.0
2,554.0,1418.0,69.940476
3,841.0,2177.0,68.849206
4,1102.0,2806.0,70.238095
5,1369.0,3465.0,70.714286
6,1648.0,4184.0,70.436508
