Number of devices,Interaction,Signals,Successful rate
1,287.0,759.0,67.261905
2,568.0,1488.0,67.857143
3,843.0,2187.0,68.650794
4,1124.0,2916.0,68.60119
5,1409.0,3665.0,68.333333
6,1702.0,4454.0,67.757937
