Number of devices,Interaction,Signals,Successful rate
1,279.0,719.0,69.642857
2,554.0,1418.0,69.940476
3,829.0,2117.0,70.039683
4,1128.0,2936.0,68.303571
5,1411.0,3675.0,68.214286
6,1696.0,4424.0,68.055556
