Number of devices,Interaction,Signals,Successful rate
1,293.0,789.0,65.47619
2,556.0,1428.0,69.642857
3,843.0,2187.0,68.650794
4,1126.0,2926.0,68.452381
5,1401.0,3625.0,68.809524
6,1672.0,4304.0,69.246032
