Number of devices,Interaction,Signals,Successful rate
1,289.0,769.0,66.666667
2,574.0,1518.0,66.964286
3,837.0,2157.0,69.246032
4,1124.0,2916.0,68.60119
5,1389.0,3565.0,69.52381
6,1676.0,4324.0,69.047619
