Number of devices,Interaction,Signals,Successful rate
1,267.0,659.0,73.214286
2,532.0,1308.0,73.214286
3,797.0,1957.0,73.214286
4,1090.0,2746.0,71.130952
5,1373.0,3485.0,70.47619
6,1664.0,4264.0,69.642857
