Number of devices,Interaction,Signals,Successful rate
1,267.0,659.0,73.214286
2,558.0,1438.0,69.345238
3,847.0,2207.0,68.253968
4,1128.0,2936.0,68.303571
5,1403.0,3635.0,68.690476
6,1690.0,4394.0,68.353175
