Number of devices,Interaction,Signals,Successful rate
1,291.0,779.0,66.071429
2,562.0,1458.0,68.75
3,837.0,2157.0,69.246032
4,1118.0,2886.0,69.047619
5,1379.0,3515.0,70.119048
6,1648.0,4184.0,70.436508
