Number of devices,Interaction,Signals,Successful rate
1,291.0,779.0,66.071429
2,560.0,1448.0,69.047619
3,839.0,2167.0,69.047619
4,1124.0,2916.0,68.60119
5,1403.0,3635.0,68.690476
6,1690.0,4394.0,68.353175
