Number of devices,Interaction,Signals,Successful rate
1,287.0,759.0,67.261905
2,572.0,1508.0,67.261905
3,837.0,2157.0,69.246032
4,1122.0,2906.0,68.75
5,1403.0,3635.0,68.690476
6,1688.0,4384.0,68.452381
