Number of devices,Interaction,Signals,Successful rate
1,283.0,739.0,68.452381
2,574.0,1518.0,66.964286
3,845.0,2197.0,68.452381
4,1112.0,2856.0,69.494048
5,1395.0,3595.0,69.166667
6,1678.0,4334.0,68.948413
