Number of devices,Interaction,Signals,Successful rate
1,291.0,779.0,66.071429
2,580.0,1548.0,66.071429
3,863.0,2287.0,66.666667
4,1128.0,2936.0,68.303571
5,1409.0,3665.0,68.333333
6,1682.0,4354.0,68.75
