Number of devices,Interaction,Signals,Successful rate
1,289.0,769.0,66.666667
2,570.0,1498.0,67.559524
3,837.0,2157.0,69.246032
4,1116.0,2876.0,69.196429
5,1409.0,3665.0,68.333333
6,1694.0,4414.0,68.154762
