Number of devices,Interaction,Signals,Successful rate
1,291.0,779.0,66.071429
2,580.0,1548.0,66.071429
3,863.0,2287.0,66.666667
4,1146.0,3026.0,66.964286
5,1421.0,3725.0,67.619048
6,1690.0,4394.0,68.353175
