Number of devices,Interaction,Signals,Successful rate
1,291.0,779.0,66.071429
2,562.0,1458.0,68.75
3,841.0,2177.0,68.849206
4,1106.0,2826.0,69.940476
5,1381.0,3525.0,70.0
6,1650.0,4194.0,70.337302
