Number of devices,Interaction,Signals,Successful rate
1,267.0,659.0,73.214286
2,534.0,1318.0,72.916667
3,799.0,1967.0,73.015873
4,1094.0,2766.0,70.833333
5,1375.0,3495.0,70.357143
6,1662.0,4254.0,69.742063
