Number of devices,Interaction,Signals,Successful rate
1,287.0,759.0,67.261905
2,578.0,1538.0,66.369048
3,847.0,2207.0,68.253968
4,1132.0,2956.0,68.005952
5,1391.0,3575.0,69.404762
6,1678.0,4334.0,68.948413
