Number of devices,Interaction,Signals,Successful rate
1,293.0,789.0,65.47619
2,582.0,1558.0,65.77381
3,859.0,2267.0,67.063492
4,1140.0,2996.0,67.410714
5,1417.0,3705.0,67.857143
6,1684.0,4364.0,68.650794
