Number of devices,Interaction,Signals,Successful rate
1,291.0,779.0,66.071429
2,576.0,1528.0,66.666667
3,845.0,2197.0,68.452381
4,1106.0,2826.0,69.940476
5,1387.0,3555.0,69.642857
6,1672.0,4304.0,69.246032
