Number of devices,Interaction,Signals,Successful rate
1,293.0,789.0,65.47619
2,584.0,1568.0,65.47619
3,865.0,2297.0,66.468254
4,1152.0,3056.0,66.517857
5,1433.0,3785.0,66.904762
6,1714.0,4514.0,67.162698
