Number of devices,Interaction,Signals,Successful rate
1,291.0,779.0,66.071429
2,578.0,1538.0,66.369048
3,863.0,2287.0,66.666667
4,1144.0,3016.0,67.113095
5,1405.0,3645.0,68.571429
6,1692.0,4404.0,68.253968
