Number of devices,Interaction,Signals,Successful rate
1,293.0,789.0,65.47619
2,576.0,1528.0,66.666667
3,841.0,2177.0,68.849206
4,1126.0,2926.0,68.452381
5,1407.0,3655.0,68.452381
6,1694.0,4414.0,68.154762
