Number of devices,Interaction,Signals,Successful rate
1,291.0,779.0,66.071429
2,568.0,1488.0,67.857143
3,847.0,2207.0,68.253968
4,1124.0,2916.0,68.60119
5,1409.0,3665.0,68.333333
6,1694.0,4414.0,68.154762
