Number of devices,Interaction,Signals,Successful rate
1,287.0,759.0,67.261905
2,560.0,1448.0,69.047619
3,829.0,2117.0,70.039683
4,1094.0,2766.0,70.833333
5,1361.0,3425.0,71.190476
6,1656.0,4224.0,70.039683
