Number of devices,Interaction,Signals,Successful rate
1,287.0,759.0,67.261905
2,578.0,1538.0,66.369048
3,861.0,2277.0,66.865079
4,1126.0,2926.0,68.452381
5,1407.0,3655.0,68.452381
6,1674.0,4314.0,69.146825
