Number of devices,Interaction,Signals,Successful rate
1,291.0,779.0,66.071429
2,562.0,1458.0,68.75
3,829.0,2117.0,70.039683
4,1112.0,2856.0,69.494048
5,1387.0,3555.0,69.642857
6,1676.0,4324.0,69.047619
