Number of devices,Interaction,Signals,Successful rate
1,281.0,729.0,69.047619
2,558.0,1438.0,69.345238
3,855.0,2247.0,67.460317
4,1140.0,2996.0,67.410714
5,1409.0,3665.0,68.333333
6,1686.0,4374.0,68.551587
