Number of devices,Interaction,Signals,Successful rate
1,291.0,779.0,66.071429
2,576.0,1528.0,66.666667
3,857.0,2257.0,67.261905
4,1140.0,2996.0,67.410714
5,1405.0,3645.0,68.571429
6,1686.0,4374.0,68.551587
