Number of devices,Interaction,Signals,Successful rate
1,273.0,689.0,71.428571
2,564.0,1468.0,68.452381
3,845.0,2197.0,68.452381
4,1132.0,2956.0,68.005952
5,1399.0,3615.0,68.928571
6,1682.0,4354.0,68.75
