Number of devices,Interaction,Signals,Successful rate
1,273.0,689.0,71.428571
2,566.0,1478.0,68.154762
3,855.0,2247.0,67.460317
4,1136.0,2976.0,67.708333
5,1407.0,3655.0,68.452381
6,1680.0,4344.0,68.849206
