Number of devices,Interaction,Signals,Successful rate
1,291.0,779.0,66.071429
2,568.0,1488.0,67.857143
3,853.0,2237.0,67.65873
4,1132.0,2956.0,68.005952
5,1391.0,3575.0,69.404762
6,1670.0,4294.0,69.345238
