Number of devices,Interaction,Signals,Successful rate
1,261.0,629.0,75.0
2,530.0,1298.0,73.511905
3,821.0,2077.0,70.833333
4,1114.0,2866.0,69.345238
5,1399.0,3615.0,68.928571
6,1680.0,4344.0,68.849206
