Number of devices,Interaction,Signals,Successful rate
1,273.0,689.0,71.428571
2,562.0,1458.0,68.75
3,827.0,2107.0,70.238095
4,1118.0,2886.0,69.047619
5,1393.0,3585.0,69.285714
6,1660.0,4244.0,69.84127
