Number of devices,Interaction,Signals,Successful rate
1,261.0,629.0,75.0
2,528.0,1288.0,73.809524
3,819.0,2067.0,71.031746
4,1096.0,2776.0,70.684524
5,1369.0,3465.0,70.714286
6,1652.0,4204.0,70.238095
