Number of devices,Interaction,Signals,Successful rate
1,267.0,659.0,73.214286
2,558.0,1438.0,69.345238
3,849.0,2217.0,68.055556
4,1124.0,2916.0,68.60119
5,1405.0,3645.0,68.571429
6,1688.0,4384.0,68.452381
