Number of devices,Interaction,Signals,Successful rate
1,273.0,689.0,71.428571
2,568.0,1488.0,67.857143
3,851.0,2227.0,67.857143
4,1126.0,2926.0,68.452381
5,1407.0,3655.0,68.452381
6,1694.0,4414.0,68.154762
