Number of devices,Interaction,Signals,Successful rate
1,273.0,689.0,71.428571
2,566.0,1478.0,68.154762
3,847.0,2207.0,68.253968
4,1116.0,2876.0,69.196429
5,1379.0,3515.0,70.119048
6,1662.0,4254.0,69.742063
