Number of devices,Interaction,Signals,Successful rate
1,291.0,779.0,66.071429
2,580.0,1548.0,66.071429
3,867.0,2307.0,66.269841
4,1146.0,3026.0,66.964286
5,1423.0,3735.0,67.5
6,1702.0,4454.0,67.757937
