Number of devices,Interaction,Signals,Successful rate
1,287.0,759.0,67.261905
2,572.0,1508.0,67.261905
3,843.0,2187.0,68.650794
4,1104.0,2816.0,70.089286
5,1377.0,3505.0,70.238095
6,1652.0,4204.0,70.238095
