Number of devices,Interaction,Signals,Successful rate
1,267.0,659.0,73.214286
2,536.0,1328.0,72.619048
3,827.0,2107.0,70.238095
4,1086.0,2726.0,71.428571
5,1351.0,3375.0,71.785714
6,1620.0,4044.0,71.825397
