Number of devices,Interaction,Signals,Successful rate
1,291.0,779.0,66.071429
2,578.0,1538.0,66.369048
3,859.0,2267.0,67.063492
4,1118.0,2886.0,69.047619
5,1401.0,3625.0,68.809524
6,1678.0,4334.0,68.948413
