Number of devices,Interaction,Signals,Successful rate
1,261.0,629.0,75.0
2,556.0,1428.0,69.642857
3,837.0,2157.0,69.246032
4,1118.0,2886.0,69.047619
5,1383.0,3535.0,69.880952
6,1654.0,4214.0,70.138889
