Number of devices,Interaction,Signals,Successful rate
1,265.0,649.0,73.809524
2,554.0,1418.0,69.940476
3,841.0,2177.0,68.849206
4,1122.0,2906.0,68.75
5,1381.0,3525.0,70.0
6,1668.0,4284.0,69.444444
