Number of devices,Interaction,Signals,Successful rate
1,273.0,689.0,71.428571
2,544.0,1368.0,71.428571
3,833.0,2137.0,69.642857
4,1120.0,2896.0,68.89881
5,1387.0,3555.0,69.642857
6,1672.0,4304.0,69.246032
