Number of devices,Interaction,Signals,Successful rate
1,289.0,769.0,66.666667
2,560.0,1448.0,69.047619
3,825.0,2097.0,70.436508
4,1112.0,2856.0,69.494048
5,1397.0,3605.0,69.047619
6,1682.0,4354.0,68.75
