Number of devices,Interaction,Signals,Successful rate
1,279.0,719.0,69.642857
2,568.0,1488.0,67.857143
3,855.0,2247.0,67.460317
4,1130.0,2946.0,68.154762
5,1403.0,3635.0,68.690476
6,1692.0,4404.0,68.253968
