Number of devices,Interaction,Signals,Successful rate
1,293.0,789.0,65.47619
2,568.0,1488.0,67.857143
3,857.0,2257.0,67.261905
4,1142.0,3006.0,67.261905
5,1423.0,3735.0,67.5
6,1706.0,4474.0,67.559524
