Number of devices,Interaction,Signals,Successful rate
1,289.0,769.0,66.666667
2,560.0,1448.0,69.047619
3,839.0,2167.0,69.047619
4,1112.0,2856.0,69.494048
5,1381.0,3525.0,70.0
6,1674.0,4314.0,69.146825
