Number of devices,Interaction,Signals,Successful rate
1,265.0,649.0,73.809524
2,556.0,1428.0,69.642857
3,837.0,2157.0,69.246032
4,1118.0,2886.0,69.047619
5,1405.0,3645.0,68.571429
6,1676.0,4324.0,69.047619
