Number of devices,Interaction,Signals,Successful rate
1,291.0,779.0,66.071429
2,572.0,1508.0,67.261905
3,845.0,2197.0,68.452381
4,1128.0,2936.0,68.303571
5,1411.0,3675.0,68.214286
6,1696.0,4424.0,68.055556
