Number of devices,Interaction,Signals,Successful rate
1,293.0,789.0,65.47619
2,572.0,1508.0,67.261905
3,857.0,2257.0,67.261905
4,1140.0,2996.0,67.410714
5,1423.0,3735.0,67.5
6,1704.0,4464.0,67.65873
