Number of devices,Interaction,Signals,Successful rate
1,281.0,729.0,69.047619
2,566.0,1478.0,68.154762
3,847.0,2207.0,68.253968
4,1140.0,2996.0,67.410714
5,1423.0,3735.0,67.5
6,1686.0,4374.0,68.551587
