Number of devices,Interaction,Signals,Successful rate
1,267.0,659.0,73.214286
2,530.0,1298.0,73.511905
3,811.0,2027.0,71.825397
4,1078.0,2686.0,72.02381
5,1341.0,3325.0,72.380952
6,1606.0,3974.0,72.519841
