Number of devices,Interaction,Signals,Successful rate
1,265.0,649.0,73.809524
2,554.0,1418.0,69.940476
3,841.0,2177.0,68.849206
4,1124.0,2916.0,68.60119
5,1383.0,3535.0,69.880952
6,1670.0,4294.0,69.345238
