Number of devices,Interaction,Signals,Successful rate
1,267.0,659.0,73.214286
2,562.0,1458.0,68.75
3,845.0,2197.0,68.452381
4,1126.0,2926.0,68.452381
5,1399.0,3615.0,68.928571
6,1682.0,4354.0,68.75
