Number of devices,Interaction,Signals,Successful rate
1,281.0,729.0,69.047619
2,550.0,1398.0,70.535714
3,835.0,2147.0,69.444444
4,1124.0,2916.0,68.60119
5,1389.0,3565.0,69.52381
6,1676.0,4324.0,69.047619
