Number of devices,Interaction,Signals,Successful rate
1,287.0,759.0,67.261905
2,572.0,1508.0,67.261905
3,853.0,2237.0,67.65873
4,1146.0,3026.0,66.964286
5,1429.0,3765.0,67.142857
6,1712.0,4504.0,67.261905
