Number of devices,Interaction,Signals,Successful rate
1,267.0,659.0,73.214286
2,526.0,1278.0,74.107143
3,817.0,2057.0,71.230159
4,1098.0,2786.0,70.535714
5,1379.0,3515.0,70.119048
6,1664.0,4264.0,69.642857
