Number of devices,Interaction,Signals,Successful rate
1,275.0,699.0,70.833333
2,570.0,1498.0,67.559524
3,859.0,2267.0,67.063492
4,1140.0,2996.0,67.410714
5,1423.0,3735.0,67.5
6,1708.0,4484.0,67.460317
