Number of devices,Interaction,Signals,Successful rate
1,289.0,769.0,66.666667
2,578.0,1538.0,66.369048
3,861.0,2277.0,66.865079
4,1142.0,3006.0,67.261905
5,1407.0,3655.0,68.452381
6,1674.0,4314.0,69.146825
