Number of devices,Interaction,Signals,Successful rate
1,287.0,759.0,67.261905
2,570.0,1498.0,67.559524
3,835.0,2147.0,69.444444
4,1116.0,2876.0,69.196429
5,1409.0,3665.0,68.333333
6,1670.0,4294.0,69.345238
