Number of devices,Interaction,Signals,Successful rate
1,291.0,779.0,66.071429
2,580.0,1548.0,66.071429
3,867.0,2307.0,66.269841
4,1126.0,2926.0,68.452381
5,1387.0,3555.0,69.642857
6,1672.0,4304.0,69.246032
