Number of devices,Interaction,Signals,Successful rate
1,287.0,759.0,67.261905
2,576.0,1528.0,66.666667
3,857.0,2257.0,67.261905
4,1122.0,2906.0,68.75
5,1393.0,3585.0,69.285714
6,1680.0,4344.0,68.849206
