Number of devices,Interaction,Signals,Successful rate
1,291.0,779.0,66.071429
2,562.0,1458.0,68.75
3,853.0,2237.0,67.65873
4,1118.0,2886.0,69.047619
5,1377.0,3505.0,70.238095
6,1664.0,4264.0,69.642857
