Number of devices,Interaction,Signals,Successful rate
1,271.0,679.0,72.02381
2,562.0,1458.0,68.75
3,849.0,2217.0,68.055556
4,1132.0,2956.0,68.005952
5,1415.0,3695.0,67.97619
6,1690.0,4394.0,68.353175
