Number of devices,Interaction,Signals,Successful rate
1,279.0,719.0,69.642857
2,570.0,1498.0,67.559524
3,857.0,2257.0,67.261905
4,1146.0,3026.0,66.964286
5,1411.0,3675.0,68.214286
6,1694.0,4414.0,68.154762
