Number of devices,Interaction,Signals,Successful rate
1,291.0,779.0,66.071429
2,576.0,1528.0,66.666667
3,853.0,2237.0,67.65873
4,1124.0,2916.0,68.60119
5,1405.0,3645.0,68.571429
6,1688.0,4384.0,68.452381
