Number of devices,Interaction,Signals,Successful rate
1,275.0,699.0,70.833333
2,570.0,1498.0,67.559524
3,843.0,2187.0,68.650794
4,1126.0,2926.0,68.452381
5,1409.0,3665.0,68.333333
6,1696.0,4424.0,68.055556
