Number of devices,Interaction,Signals,Successful rate
1,267.0,659.0,73.214286
2,558.0,1438.0,69.345238
3,823.0,2087.0,70.634921
4,1094.0,2766.0,70.833333
5,1385.0,3545.0,69.761905
6,1668.0,4284.0,69.444444
