Number of devices,Interaction,Signals,Successful rate
1,289.0,769.0,66.666667
2,580.0,1548.0,66.071429
3,867.0,2307.0,66.269841
4,1148.0,3036.0,66.815476
5,1431.0,3775.0,67.02381
6,1702.0,4454.0,67.757937
