Number of devices,Interaction,Signals,Successful rate
1,293.0,789.0,65.47619
2,562.0,1458.0,68.75
3,853.0,2237.0,67.65873
4,1134.0,2966.0,67.857143
5,1413.0,3685.0,68.095238
6,1696.0,4424.0,68.055556
