Number of devices,Interaction,Signals,Successful rate
1,289.0,769.0,66.666667
2,578.0,1538.0,66.369048
3,865.0,2297.0,66.468254
4,1148.0,3036.0,66.815476
5,1411.0,3675.0,68.214286
6,1696.0,4424.0,68.055556
