Number of devices,Interaction,Signals,Successful rate
1,289.0,769.0,66.666667
2,578.0,1538.0,66.369048
3,865.0,2297.0,66.468254
4,1146.0,3026.0,66.964286
5,1417.0,3705.0,67.857143
6,1688.0,4384.0,68.452381
