Number of devices,Interaction,Signals,Successful rate
1,287.0,759.0,67.261905
2,562.0,1458.0,68.75
3,839.0,2167.0,69.047619
4,1122.0,2906.0,68.75
5,1403.0,3635.0,68.690476
6,1672.0,4304.0,69.246032
