Number of devices,Interaction,Signals,Successful rate
1,291.0,779.0,66.071429
2,578.0,1538.0,66.369048
3,849.0,2217.0,68.055556
4,1130.0,2946.0,68.154762
5,1411.0,3675.0,68.214286
6,1674.0,4314.0,69.146825
