Number of devices,Interaction,Signals,Successful rate
1,291.0,779.0,66.071429
2,562.0,1458.0,68.75
3,829.0,2117.0,70.039683
4,1110.0,2846.0,69.642857
5,1377.0,3505.0,70.238095
6,1650.0,4194.0,70.337302
