Number of devices,Interaction,Signals,Successful rate
1,267.0,659.0,73.214286
2,560.0,1448.0,69.047619
3,845.0,2197.0,68.452381
4,1130.0,2946.0,68.154762
5,1411.0,3675.0,68.214286
6,1694.0,4414.0,68.154762
