Number of devices,Interaction,Signals,Successful rate
1,287.0,759.0,67.261905
2,554.0,1418.0,69.940476
3,835.0,2147.0,69.444444
4,1114.0,2866.0,69.345238
5,1401.0,3625.0,68.809524
6,1680.0,4344.0,68.849206
