Number of devices,Interaction,Signals,Successful rate
1,281.0,729.0,69.047619
2,572.0,1508.0,67.261905
3,859.0,2267.0,67.063492
4,1140.0,2996.0,67.410714
5,1403.0,3635.0,68.690476
6,1688.0,4384.0,68.452381
