Number of devices,Interaction,Signals,Successful rate
1,279.0,719.0,69.642857
2,568.0,1488.0,67.857143
3,853.0,2237.0,67.65873
4,1144.0,3016.0,67.113095
5,1419.0,3715.0,67.738095
6,1678.0,4334.0,68.948413
