Number of devices,Interaction,Signals,Successful rate
2,236.0,1140.0,66.964286
3,355.0,1691.0,67.261905
4,466.0,2250.0,67.261905
5,581.0,2805.0,67.261905
6,686.0,3310.0,67.757937
