Number of devices,Interaction,Signals,Successful rate
2,226.0,1082.0,69.345238
3,346.0,1658.0,68.055556
4,484.0,2276.0,67.113095
5,585.0,2825.0,67.02381
6,726.0,3390.0,67.261905
