Number of devices,Interaction,Signals,Successful rate
2,204.0,980.0,72.02381
3,323.0,1555.0,70.039683
4,446.0,2150.0,68.75
5,577.0,2745.0,68.095238
6,682.0,3290.0,67.956349
