Number of devices,Interaction,Signals,Successful rate
2,202.0,970.0,72.321429
3,323.0,1555.0,70.039683
4,450.0,2154.0,68.75
5,552.0,2640.0,69.404762
6,680.0,3232.0,68.650794
