Number of devices,Interaction,Signals,Successful rate
2,226.0,1090.0,68.75
3,325.0,1565.0,69.84127
4,444.0,2140.0,68.75
5,584.0,2760.0,67.857143
6,704.0,3328.0,67.65873
