Number of devices,Interaction,Signals,Successful rate
2,192.0,920.0,73.809524
3,313.0,1505.0,71.031746
4,442.0,2130.0,69.047619
5,535.0,2575.0,70.0
6,638.0,3046.0,70.634921
