Number of devices,Interaction,Signals,Successful rate
2,222.0,1078.0,68.75
3,320.0,1552.0,69.84127
4,416.0,2016.0,70.535714
5,542.0,2590.0,70.0
6,672.0,3216.0,68.75
