Number of devices,Interaction,Signals,Successful rate
2,204.0,980.0,72.02381
3,333.0,1605.0,69.047619
4,462.0,2182.0,68.452381
5,597.0,2805.0,67.5
6,700.0,3308.0,67.956349
