Number of devices,Interaction,Signals,Successful rate
2,222.0,1078.0,68.75
3,322.0,1562.0,69.642857
4,422.0,2014.0,70.982143
5,542.0,2590.0,70.0
6,650.0,3106.0,70.039683
