Number of devices,Interaction,Signals,Successful rate
2,222.0,1070.0,69.345238
3,346.0,1658.0,68.055556
4,442.0,2114.0,69.494048
5,536.0,2560.0,70.47619
6,636.0,3036.0,70.734127
