Number of devices,Interaction,Signals,Successful rate
2,204.0,980.0,72.02381
3,315.0,1515.0,70.833333
4,444.0,2124.0,69.345238
5,572.0,2740.0,68.214286
6,678.0,3222.0,68.75
