Number of devices,Interaction,Signals,Successful rate
2,224.0,1080.0,69.047619
3,343.0,1655.0,67.857143
4,464.0,2240.0,67.410714
5,579.0,2795.0,67.380952
6,682.0,3290.0,67.956349
