Number of devices,Interaction,Signals,Successful rate
2,226.0,1090.0,68.75
3,343.0,1655.0,68.055556
4,450.0,2154.0,68.60119
5,539.0,2595.0,69.761905
6,678.0,3222.0,68.75
