Number of devices,Interaction,Signals,Successful rate
2,240.0,1160.0,66.369048
3,367.0,1751.0,66.269841
4,470.0,2254.0,67.113095
5,593.0,2825.0,67.02381
6,682.0,3290.0,67.956349
