Number of devices,Interaction,Signals,Successful rate
2,218.0,1050.0,69.940476
3,340.0,1628.0,68.452381
4,474.0,2242.0,67.559524
5,567.0,2695.0,68.690476
6,700.0,3308.0,67.956349
