Number of devices,Interaction,Signals,Successful rate
2,194.0,922.0,74.107143
3,319.0,1535.0,70.436508
4,422.0,2014.0,70.982143
5,552.0,2640.0,69.404762
6,674.0,3226.0,68.75
