Number of devices,Interaction,Signals,Successful rate
2,184.0,880.0,75.0
3,309.0,1485.0,71.428571
4,408.0,1944.0,72.02381
5,523.0,2515.0,70.833333
6,646.0,3110.0,69.84127
