Number of devices,Interaction,Signals,Successful rate
2,222.0,1078.0,68.75
3,333.0,1605.0,69.047619
4,434.0,2090.0,69.642857
5,529.0,2545.0,70.357143
6,654.0,3150.0,69.444444
