Number of devices,Interaction,Signals,Successful rate
2,220.0,1060.0,69.642857
3,315.0,1515.0,70.833333
4,456.0,2168.0,68.89881
5,578.0,2770.0,67.857143
6,680.0,3256.0,68.452381
