Number of devices,Interaction,Signals,Successful rate
2,240.0,1160.0,66.369048
3,359.0,1711.0,67.063492
4,460.0,2220.0,67.559524
5,589.0,2805.0,67.261905
6,700.0,3356.0,67.261905
