Number of devices,Interaction,Signals,Successful rate
2,186.0,890.0,74.702381
3,330.0,1578.0,69.642857
4,458.0,2178.0,68.75
5,576.0,2720.0,68.452381
6,670.0,3182.0,69.246032
