Number of devices,Interaction,Signals,Successful rate
2,248.0,1192.0,65.47619
3,352.0,1688.0,67.460317
4,470.0,2254.0,67.410714
5,586.0,2810.0,67.380952
6,702.0,3366.0,67.361111
