Number of devices,Interaction,Signals,Successful rate
2,222.0,1070.0,69.345238
3,313.0,1505.0,71.031746
4,412.0,1964.0,71.72619
5,534.0,2550.0,70.47619
6,664.0,3176.0,69.345238
