Number of devices,Interaction,Signals,Successful rate
2,244.0,1172.0,66.071429
3,351.0,1671.0,67.857143
4,450.0,2154.0,68.89881
5,572.0,2740.0,68.214286
6,702.0,3342.0,67.559524
