Number of devices,Interaction,Signals,Successful rate
2,240.0,1160.0,66.369048
3,355.0,1715.0,66.865079
4,476.0,2268.0,66.964286
5,585.0,2825.0,67.02381
6,728.0,3400.0,67.063492
