Number of devices,Interaction,Signals,Successful rate
2,188.0,892.0,75.0
3,307.0,1475.0,71.626984
4,426.0,2050.0,70.238095
5,559.0,2655.0,69.404762
6,684.0,3276.0,68.253968
