Number of devices,Interaction,Signals,Successful rate
2,242.0,1162.0,66.369048
3,360.0,1728.0,66.468254
4,476.0,2300.0,66.517857
5,620.0,2900.0,66.428571
6,692.0,3340.0,67.460317
