Number of devices,Interaction,Signals,Successful rate
2,206.0,990.0,71.72619
3,307.0,1475.0,71.626984
4,406.0,1950.0,71.72619
5,535.0,2575.0,70.0
6,654.0,3150.0,69.345238
