Number of devices,Interaction,Signals,Successful rate
2,202.0,970.0,72.321429
3,330.0,1578.0,69.84127
4,450.0,2154.0,68.75
5,574.0,2750.0,67.97619
6,712.0,3344.0,67.65873
