Number of devices,Interaction,Signals,Successful rate
2,222.0,1070.0,69.345238
3,341.0,1645.0,68.253968
4,466.0,2218.0,67.708333
5,575.0,2775.0,67.619048
6,720.0,3384.0,67.162698
