Number of devices,Interaction,Signals,Successful rate
2,226.0,1090.0,68.75
3,321.0,1545.0,70.238095
4,446.0,2150.0,68.75
5,586.0,2770.0,67.857143
6,684.0,3276.0,68.154762
