Number of devices,Interaction,Signals,Successful rate
2,192.0,912.0,74.404762
3,313.0,1505.0,71.031746
4,430.0,2070.0,69.940476
5,535.0,2575.0,70.0
6,634.0,3050.0,70.436508
