Number of devices,Interaction,Signals,Successful rate
2,228.0,1100.0,68.452381
3,321.0,1545.0,70.238095
4,446.0,2150.0,68.75
5,535.0,2575.0,70.0
6,630.0,3030.0,70.634921
