Number of devices,Interaction,Signals,Successful rate
2,246.0,1182.0,66.071429
3,352.0,1688.0,67.460317
4,482.0,2282.0,66.964286
5,581.0,2765.0,67.857143
6,706.0,3314.0,67.956349
