Default GU,Interaction,Signals,Successful rate
1,3595.0,13169.0,68.707483
5,2263.0,6583.0,68.962585
10,2089.0,5713.0,68.962585
30,1963.0,5083.0,69.387755
35,1959.0,5063.0,69.132653
40,1945.0,4993.0,69.472789
50,1955.0,5043.0,68.707483
250,2285.0,6693.0,53.486395
500,2857.0,9553.0,28.996599
1000,3189.0,11213.0,14.795918
