Default GU,Interaction,Signals,Successful rate
1,3588.0,13141.0,69.302721
5,2255.0,6543.0,69.302721
10,2073.0,5633.0,69.642857
30,1955.0,5043.0,69.727891
35,1945.0,4993.0,69.727891
40,1937.0,4953.0,69.812925
50,1945.0,4993.0,69.132653
250,2287.0,6703.0,53.401361
500,2857.0,9553.0,28.996599
1000,3189.0,11213.0,14.795918
