Default GU,Interaction,Signals,Successful rate
1,3599.0,13181.0,68.112245
5,2283.0,6683.0,68.112245
10,2103.0,5783.0,68.367347
30,1975.0,5143.0,68.877551
35,1973.0,5133.0,68.537415
40,1957.0,5053.0,68.962585
50,1967.0,5103.0,68.197279
250,2285.0,6693.0,53.486395
500,2857.0,9553.0,28.996599
1000,3189.0,11213.0,14.795918
