Default GU,Interaction,Signals,Successful rate
1,3618.0,13259.0,66.581633
5,2323.0,6883.0,66.411565
10,2149.0,6013.0,66.411565
30,2023.0,5383.0,66.836735
35,2021.0,5373.0,66.496599
40,2005.0,5293.0,66.921769
50,2009.0,5313.0,66.411565
250,2307.0,6803.0,52.55102
500,2857.0,9553.0,28.996599
1000,3189.0,11213.0,14.795918
