Default GU,Interaction,Signals,Successful rate
1,3616.0,13253.0,66.836735
5,2315.0,6843.0,66.751701
10,2141.0,5973.0,66.751701
30,2013.0,5333.0,67.261905
35,2009.0,5313.0,67.006803
40,1997.0,5253.0,67.261905
50,1997.0,5253.0,66.921769
250,2299.0,6763.0,52.891156
500,2857.0,9553.0,28.996599
1000,3189.0,11213.0,14.795918
