Default GU,Interaction,Signals,Successful rate
1,3597.0,13177.0,68.537415
5,2273.0,6633.0,68.537415
10,2093.0,5733.0,68.792517
30,1961.0,5073.0,69.472789
35,1969.0,5113.0,68.707483
40,1945.0,4993.0,69.472789
50,1959.0,5063.0,68.537415
250,2309.0,6813.0,52.465986
500,2857.0,9553.0,28.996599
1000,3189.0,11213.0,14.795918
