Default GU,Interaction,Signals,Successful rate
1,3591.0,13153.0,69.047619
5,2261.0,6573.0,69.047619
10,2083.0,5683.0,69.217687
30,1959.0,5063.0,69.557823
35,1939.0,4963.0,69.982993
40,1943.0,4983.0,69.557823
50,1943.0,4983.0,69.217687
250,2289.0,6713.0,53.316327
500,2857.0,9553.0,28.996599
1000,3189.0,11213.0,14.795918
