Default GU,Interaction,Signals,Successful rate
1,3591.0,13153.0,68.962585
5,2263.0,6583.0,68.962585
10,2081.0,5673.0,69.302721
30,1959.0,5063.0,69.557823
35,1955.0,5043.0,69.302721
40,1941.0,4973.0,69.642857
50,1953.0,5033.0,68.792517
250,2307.0,6803.0,52.55102
500,2857.0,9553.0,28.996599
1000,3189.0,11213.0,14.795918
