Default GU,Interaction,Signals,Successful rate
1,3604.0,13203.0,67.772109
5,2289.0,6713.0,67.857143
10,2115.0,5843.0,67.857143
30,1987.0,5203.0,68.367347
35,1973.0,5133.0,68.537415
40,1971.0,5123.0,68.367347
50,1967.0,5103.0,68.197279
250,2301.0,6773.0,52.806122
500,2857.0,9553.0,28.996599
1000,3189.0,11213.0,14.795918
