Default GU,Interaction,Signals,Successful rate
1,3603.0,13201.0,67.942177
5,2287.0,6703.0,67.942177
10,2109.0,5813.0,68.112245
30,1979.0,5163.0,68.707483
35,1965.0,5093.0,68.877551
40,1963.0,5083.0,68.707483
50,1957.0,5053.0,68.622449
250,2307.0,6803.0,52.55102
500,2857.0,9553.0,28.996599
1000,3189.0,11213.0,14.795918
