Default GU,Interaction,Signals,Successful rate
1,2430.0,12058.0,67.091837
5,1124.0,5620.0,67.091837
10,952.0,4760.0,67.006803
50,804.0,4020.0,67.346939
250,1120.0,5600.0,52.721088
500,1674.0,8370.0,28.996599
1000,2006.0,10030.0,14.795918
2000,2006.0,10030.0,14.795918
