Default GU,Interaction,Signals,Successful rate
1,3585.0,13129.0,69.557823
5,2249.0,6513.0,69.557823
10,2075.0,5643.0,69.557823
30,1947.0,5003.0,70.068027
35,1937.0,4953.0,70.068027
40,1933.0,4933.0,69.982993
50,1939.0,4963.0,69.387755
250,2285.0,6693.0,53.486395
500,2857.0,9553.0,28.996599
1000,3189.0,11213.0,14.795918
