Default GU,Interaction,Signals,Successful rate
1,3585.0,13129.0,69.557823
5,2247.0,6503.0,69.642857
10,2073.0,5633.0,69.642857
30,1943.0,4983.0,70.238095
35,1945.0,4993.0,69.727891
40,1929.0,4913.0,70.153061
50,1937.0,4953.0,69.472789
250,2285.0,6693.0,53.486395
500,2857.0,9553.0,28.996599
1000,3189.0,11213.0,14.795918
