Default GU,Interaction,Signals,Successful rate
1,3607.0,13215.0,67.517007
5,2301.0,6773.0,67.346939
10,2125.0,5893.0,67.431973
30,1995.0,5243.0,68.027211
35,1973.0,5133.0,68.537415
40,1981.0,5173.0,67.942177
50,1967.0,5103.0,68.197279
250,2295.0,6743.0,53.061224
500,2857.0,9553.0,28.996599
1000,3189.0,11213.0,14.795918
