Default GU,Interaction,Signals,Successful rate
1,3605.0,13207.0,67.687075
5,2295.0,6743.0,67.602041
10,2117.0,5853.0,67.772109
30,1989.0,5213.0,68.282313
35,1981.0,5173.0,68.197279
40,1971.0,5123.0,68.367347
50,1975.0,5143.0,67.857143
250,2307.0,6803.0,52.55102
500,2857.0,9553.0,28.996599
1000,3189.0,11213.0,14.795918
