Default GU,Interaction,Signals,Successful rate
1,3603.0,13201.0,67.942177
5,2287.0,6703.0,67.942177
10,2113.0,5833.0,67.942177
30,1981.0,5173.0,68.622449
35,1967.0,5103.0,68.792517
40,1967.0,5103.0,68.537415
50,1961.0,5073.0,68.452381
250,2307.0,6803.0,52.55102
500,2857.0,9553.0,28.996599
1000,3189.0,11213.0,14.795918
