Default GU,Interaction,Signals,Successful rate
1,3601.0,13193.0,68.197279
5,2281.0,6673.0,68.197279
10,2103.0,5783.0,68.367347
30,1973.0,5133.0,68.962585
35,1963.0,5083.0,68.962585
40,1959.0,5063.0,68.877551
50,1957.0,5053.0,68.622449
250,2283.0,6683.0,53.571429
500,2857.0,9553.0,28.996599
1000,3189.0,11213.0,14.795918
