Default GU,Interaction,Signals,Successful rate
1,3598.0,13181.0,68.452381
5,2271.0,6623.0,68.622449
10,2095.0,5743.0,68.707483
30,1967.0,5103.0,69.217687
35,1961.0,5073.0,69.047619
40,1949.0,5013.0,69.302721
50,1957.0,5053.0,68.622449
250,2287.0,6703.0,53.401361
500,2857.0,9553.0,28.996599
1000,3189.0,11213.0,14.795918
