Default GU,Interaction,Signals,Successful rate
1,3596.0,13169.0,68.367347
5,2273.0,6633.0,68.537415
10,2101.0,5773.0,68.452381
30,1979.0,5163.0,68.707483
35,1949.0,5013.0,69.557823
40,1963.0,5083.0,68.707483
50,1941.0,4973.0,69.302721
250,2295.0,6743.0,53.061224
500,2857.0,9553.0,28.996599
1000,3189.0,11213.0,14.795918
