Default GU,Interaction,Signals,Successful rate
1,3601.0,13193.0,68.112245
5,2281.0,6673.0,68.197279
10,2101.0,5773.0,68.452381
30,1977.0,5153.0,68.792517
35,1969.0,5113.0,68.707483
40,1959.0,5063.0,68.877551
50,1961.0,5073.0,68.452381
250,2303.0,6783.0,52.721088
500,2857.0,9553.0,28.996599
1000,3189.0,11213.0,14.795918
