Default GU,Interaction,Signals,Successful rate
1,3607.0,13215.0,67.517007
5,2299.0,6763.0,67.431973
10,2123.0,5883.0,67.517007
30,1997.0,5253.0,67.942177
35,1983.0,5183.0,68.112245
40,1979.0,5163.0,68.027211
50,1975.0,5143.0,67.857143
250,2309.0,6813.0,52.465986
500,2857.0,9553.0,28.996599
1000,3189.0,11213.0,14.795918
