Default GU,Interaction,Signals,Successful rate
1,3609.0,13223.0,67.346939
5,2305.0,6793.0,67.176871
10,2127.0,5903.0,67.346939
30,1991.0,5223.0,68.197279
35,2001.0,5273.0,67.346939
40,1977.0,5153.0,68.112245
50,1985.0,5193.0,67.431973
250,2281.0,6673.0,53.656463
500,2857.0,9553.0,28.996599
1000,3189.0,11213.0,14.795918
