Default GU,Interaction,Signals,Successful rate
1,3603.0,13201.0,68.027211
5,2285.0,6693.0,68.027211
10,2111.0,5823.0,68.027211
30,1977.0,5153.0,68.792517
35,1971.0,5123.0,68.622449
40,1961.0,5073.0,68.792517
50,1965.0,5093.0,68.282313
250,2289.0,6713.0,53.316327
500,2857.0,9553.0,28.996599
1000,3189.0,11213.0,14.795918
