Default GU,Interaction,Signals,Successful rate
1,3594.0,13165.0,68.792517
5,2261.0,6573.0,69.047619
10,2087.0,5703.0,69.047619
30,1963.0,5083.0,69.387755
35,1955.0,5043.0,69.302721
40,1945.0,4993.0,69.472789
50,1953.0,5033.0,68.792517
250,2283.0,6683.0,53.571429
500,2857.0,9553.0,28.996599
1000,3189.0,11213.0,14.795918
