Default GU,Interaction,Signals,Successful rate
1,2427.0,12046.0,67.346939
5,1118.0,5590.0,67.346939
10,944.0,4720.0,67.346939
50,794.0,3970.0,67.772109
250,1110.0,5550.0,53.146259
500,1674.0,8370.0,28.996599
1000,2006.0,10030.0,14.795918
2000,2006.0,10030.0,14.795918
