Default GU,Interaction,Signals,Successful rate
1,3593.0,13161.0,68.792517
5,2263.0,6583.0,68.962585
10,2083.0,5683.0,69.217687
30,1963.0,5083.0,69.387755
35,1945.0,4993.0,69.727891
40,1947.0,5003.0,69.387755
50,1945.0,4993.0,69.132653
250,2283.0,6683.0,53.571429
500,2857.0,9553.0,28.996599
1000,3189.0,11213.0,14.795918
