Default GU,Interaction,Signals,Successful rate
1,3592.0,13157.0,68.962585
5,2261.0,6573.0,69.047619
10,2087.0,5703.0,69.047619
30,1959.0,5063.0,69.557823
35,1951.0,5023.0,69.472789
40,1943.0,4983.0,69.557823
50,1941.0,4973.0,69.302721
250,2289.0,6713.0,53.316327
500,2857.0,9553.0,28.996599
1000,3189.0,11213.0,14.795918
