Default GU,Interaction,Signals,Successful rate
1,3601.0,13193.0,68.197279
5,2277.0,6653.0,68.367347
10,2097.0,5753.0,68.622449
30,1971.0,5123.0,69.047619
35,1961.0,5073.0,69.047619
40,1953.0,5033.0,69.132653
50,1959.0,5063.0,68.537415
250,2279.0,6663.0,53.741497
500,2857.0,9553.0,28.996599
1000,3189.0,11213.0,14.795918
