Default GU,Interaction,Signals,Successful rate
1,3592.0,13157.0,68.962585
5,2261.0,6573.0,69.047619
10,2087.0,5703.0,69.047619
30,1959.0,5063.0,69.557823
35,1949.0,5013.0,69.557823
40,1943.0,4983.0,69.557823
50,1947.0,5003.0,69.047619
250,2297.0,6753.0,52.97619
500,2857.0,9553.0,28.996599
1000,3189.0,11213.0,14.795918
