Default GU,Interaction,Signals,Successful rate
1,3604.0,13205.0,67.942177
5,2285.0,6693.0,68.027211
10,2105.0,5793.0,68.282313
30,1979.0,5163.0,68.707483
35,1981.0,5173.0,68.197279
40,1961.0,5073.0,68.792517
50,1971.0,5123.0,68.027211
250,2309.0,6813.0,52.465986
500,2857.0,9553.0,28.996599
1000,3189.0,11213.0,14.795918
