Default GU,Interaction,Signals,Successful rate
1,3599.0,13183.0,68.197279
5,2277.0,6653.0,68.367347
10,2099.0,5763.0,68.537415
30,1967.0,5103.0,69.217687
35,1979.0,5163.0,68.282313
40,1951.0,5023.0,69.217687
50,1967.0,5103.0,68.197279
250,2309.0,6813.0,52.465986
500,2857.0,9553.0,28.996599
1000,3189.0,11213.0,14.795918
