Default GU,Interaction,Signals,Successful rate
1,3601.0,13193.0,68.112245
5,2285.0,6693.0,68.027211
10,2105.0,5793.0,68.282313
30,1977.0,5153.0,68.792517
35,1965.0,5093.0,68.877551
40,1961.0,5073.0,68.792517
50,1959.0,5063.0,68.537415
250,2295.0,6743.0,53.061224
500,2857.0,9553.0,28.996599
1000,3189.0,11213.0,14.795918
