Default GU,Interaction,Signals,Successful rate
1,3599.0,13185.0,68.282313
5,2275.0,6643.0,68.452381
10,2101.0,5773.0,68.452381
30,1973.0,5133.0,68.962585
35,1961.0,5073.0,69.047619
40,1955.0,5043.0,69.047619
50,1959.0,5063.0,68.537415
250,2289.0,6713.0,53.316327
500,2857.0,9553.0,28.996599
1000,3189.0,11213.0,14.795918
