Default GU,Interaction,Signals,Successful rate
1,3595.0,13169.0,68.707483
5,2267.0,6603.0,68.792517
10,2091.0,5723.0,68.877551
30,1965.0,5093.0,69.302721
35,1947.0,5003.0,69.642857
40,1949.0,5013.0,69.302721
50,1945.0,4993.0,69.132653
250,2295.0,6743.0,53.061224
500,2857.0,9553.0,28.996599
1000,3189.0,11213.0,14.795918
