Default GU,Interaction,Signals,Successful rate
1,3589.0,13145.0,69.217687
5,2257.0,6553.0,69.217687
10,2083.0,5683.0,69.217687
30,1945.0,4993.0,70.153061
35,1953.0,5033.0,69.387755
40,1931.0,4923.0,70.068027
50,1947.0,5003.0,69.047619
250,2305.0,6793.0,52.636054
500,2857.0,9553.0,28.996599
1000,3189.0,11213.0,14.795918
