Default GU,Interaction,Signals,Successful rate
1,3606.0,13213.0,67.687075
5,2295.0,6743.0,67.602041
10,2115.0,5843.0,67.857143
30,1985.0,5193.0,68.452381
35,1977.0,5153.0,68.367347
40,1969.0,5113.0,68.452381
50,1971.0,5123.0,68.027211
250,2303.0,6783.0,52.721088
500,2857.0,9553.0,28.996599
1000,3189.0,11213.0,14.795918
