Default GU,Interaction,Signals,Successful rate
1,3598.0,13177.0,68.197279
5,2285.0,6693.0,68.027211
10,2103.0,5783.0,68.367347
30,1973.0,5133.0,68.962585
35,1971.0,5123.0,68.622449
40,1959.0,5063.0,68.877551
50,1961.0,5073.0,68.452381
250,2305.0,6793.0,52.636054
500,2857.0,9553.0,28.996599
1000,3189.0,11213.0,14.795918
