Default GU,Interaction,Signals,Successful rate
1,3599.0,13181.0,68.112245
5,2279.0,6663.0,68.282313
10,2109.0,5813.0,68.112245
30,1977.0,5153.0,68.792517
35,1975.0,5143.0,68.452381
40,1959.0,5063.0,68.877551
50,1967.0,5103.0,68.197279
250,2303.0,6783.0,52.721088
500,2857.0,9553.0,28.996599
1000,3189.0,11213.0,14.795918
