Default GU,Interaction,Signals,Successful rate
1,3596.0,13173.0,68.622449
5,2271.0,6623.0,68.622449
10,2093.0,5733.0,68.792517
30,1963.0,5083.0,69.387755
35,1957.0,5053.0,69.217687
40,1949.0,5013.0,69.302721
50,1953.0,5033.0,68.792517
250,2285.0,6693.0,53.486395
500,2857.0,9553.0,28.996599
1000,3189.0,11213.0,14.795918
