Default GU,Interaction,Signals,Successful rate
1,3608.0,13221.0,67.517007
5,2297.0,6753.0,67.517007
10,2121.0,5873.0,67.602041
30,1995.0,5243.0,68.027211
35,1973.0,5133.0,68.537415
40,1977.0,5153.0,68.112245
50,1969.0,5113.0,68.112245
250,2297.0,6753.0,52.97619
500,2857.0,9553.0,28.996599
1000,3189.0,11213.0,14.795918
