Default GU,Interaction,Signals,Successful rate
1,3606.0,13213.0,67.772109
5,2295.0,6743.0,67.602041
10,2111.0,5823.0,68.027211
30,1981.0,5173.0,68.622449
35,1981.0,5173.0,68.197279
40,1965.0,5093.0,68.622449
50,1973.0,5133.0,67.942177
250,2281.0,6673.0,53.656463
500,2857.0,9553.0,28.996599
1000,3189.0,11213.0,14.795918
