Default GU,Interaction,Signals,Successful rate
1,3582.0,13117.0,69.812925
5,2243.0,6483.0,69.812925
10,2069.0,5613.0,69.812925
30,1951.0,5023.0,69.897959
35,1931.0,4923.0,70.323129
40,1933.0,4933.0,69.982993
50,1929.0,4913.0,69.812925
250,2289.0,6713.0,53.316327
500,2857.0,9553.0,28.996599
1000,3189.0,11213.0,14.795918
