Default GU,Interaction,Signals,Successful rate
1,3605.0,13209.0,67.772109
5,2291.0,6723.0,67.772109
10,2113.0,5833.0,67.942177
30,1979.0,5163.0,68.707483
35,1989.0,5213.0,67.857143
40,1963.0,5083.0,68.707483
50,1975.0,5143.0,67.857143
250,2305.0,6793.0,52.636054
500,2857.0,9553.0,28.996599
1000,3189.0,11213.0,14.795918
