Default GU,Interaction,Signals,Successful rate
1,3547.0,12977.0,72.789116
5,2173.0,6133.0,72.789116
10,1999.0,5263.0,72.789116
30,1887.0,4703.0,72.619048
35,1875.0,4643.0,72.704082
40,1871.0,4623.0,72.619048
50,1861.0,4573.0,72.704082
250,2279.0,6663.0,53.741497
500,2857.0,9553.0,28.996599
1000,3189.0,11213.0,14.795918
