Default GU,Interaction,Signals,Successful rate
1,3599.0,13181.0,68.112245
5,2283.0,6683.0,68.112245
10,2107.0,5803.0,68.197279
30,1975.0,5143.0,68.877551
35,1967.0,5103.0,68.792517
40,1961.0,5073.0,68.792517
50,1959.0,5063.0,68.537415
250,2303.0,6783.0,52.721088
500,2857.0,9553.0,28.996599
1000,3189.0,11213.0,14.795918
