Default GU,Interaction,Signals,Successful rate
1,1.0,12056.0,67.006803
5,5.0,5640.0,66.921769
10,10.0,4780.0,66.836735
50,50.0,4040.0,67.176871
250,250.0,5630.0,52.465986
500,500.0,8370.0,28.996599
1000,1000.0,10030.0,14.795918
2000,2000.0,10030.0,14.795918
