Default GU,Interaction,Signals,Successful rate
1,3579.0,13105.0,70.068027
5,2237.0,6453.0,70.068027
10,2063.0,5583.0,70.068027
30,1943.0,4983.0,70.238095
35,1927.0,4903.0,70.493197
40,1927.0,4903.0,70.238095
50,1925.0,4893.0,69.982993
250,2305.0,6793.0,52.636054
500,2857.0,9553.0,28.996599
1000,3189.0,11213.0,14.795918
