Default GU,Interaction,Signals,Successful rate
1,3600.0,13185.0,68.027211
5,2287.0,6703.0,67.942177
10,2111.0,5823.0,68.027211
30,1975.0,5143.0,68.877551
35,1969.0,5113.0,68.707483
40,1959.0,5063.0,68.877551
50,1963.0,5083.0,68.367347
250,2305.0,6793.0,52.636054
500,2857.0,9553.0,28.996599
1000,3189.0,11213.0,14.795918
