Default GU,Interaction,Signals,Successful rate
1,3599.0,13181.0,68.112245
5,2285.0,6693.0,68.027211
10,2113.0,5833.0,67.942177
30,1985.0,5193.0,68.452381
35,1953.0,5033.0,69.387755
40,1969.0,5113.0,68.452381
50,1951.0,5023.0,68.877551
250,2303.0,6783.0,52.721088
500,2857.0,9553.0,28.996599
1000,3189.0,11213.0,14.795918
