Default GU,Interaction,Signals,Successful rate
1,3608.0,13221.0,67.517007
5,2295.0,6743.0,67.602041
10,2121.0,5873.0,67.602041
30,1989.0,5213.0,68.282313
35,1983.0,5183.0,68.112245
40,1973.0,5133.0,68.282313
50,1975.0,5143.0,67.857143
250,2289.0,6713.0,53.316327
500,2857.0,9553.0,28.996599
1000,3189.0,11213.0,14.795918
