Default GU,Interaction,Signals,Successful rate
1,3595.0,13165.0,68.452381
5,2273.0,6633.0,68.537415
10,2097.0,5753.0,68.622449
30,1967.0,5103.0,69.217687
35,1959.0,5063.0,69.132653
40,1949.0,5013.0,69.302721
50,1955.0,5043.0,68.707483
250,2305.0,6793.0,52.636054
500,2857.0,9553.0,28.996599
1000,3189.0,11213.0,14.795918
