Default GU,Interaction,Signals,Successful rate
1,3601.0,13193.0,68.112245
5,2277.0,6653.0,68.367347
10,2103.0,5783.0,68.367347
30,1973.0,5133.0,68.962585
35,1975.0,5143.0,68.452381
40,1959.0,5063.0,68.877551
50,1965.0,5093.0,68.282313
250,2307.0,6803.0,52.55102
500,2857.0,9553.0,28.996599
1000,3189.0,11213.0,14.795918
