Default GU,Interaction,Signals,Successful rate
1,3606.0,13213.0,67.687075
5,2295.0,6743.0,67.602041
10,2121.0,5873.0,67.602041
30,1991.0,5223.0,68.197279
35,1967.0,5103.0,68.792517
40,1975.0,5143.0,68.197279
50,1961.0,5073.0,68.452381
250,2305.0,6793.0,52.636054
500,2857.0,9553.0,28.996599
1000,3189.0,11213.0,14.795918
