Default GU,Interaction,Signals,Successful rate
1,3606.0,13211.0,67.602041
5,2297.0,6753.0,67.517007
10,2117.0,5853.0,67.772109
30,1989.0,5213.0,68.282313
35,1979.0,5163.0,68.282313
40,1973.0,5133.0,68.282313
50,1971.0,5123.0,68.027211
250,2307.0,6803.0,52.55102
500,2857.0,9553.0,28.996599
1000,3189.0,11213.0,14.795918
