Default GU,Interaction,Signals,Successful rate
1,3613.0,13239.0,67.006803
5,2311.0,6823.0,66.921769
10,2135.0,5943.0,67.006803
30,2007.0,5303.0,67.517007
35,2003.0,5283.0,67.261905
40,1989.0,5213.0,67.602041
50,1993.0,5233.0,67.091837
250,2309.0,6813.0,52.465986
500,2857.0,9553.0,28.996599
1000,3189.0,11213.0,14.795918
