Default GU,Interaction,Signals,Successful rate
1,3589.0,13145.0,69.217687
5,2253.0,6533.0,69.387755
10,2077.0,5653.0,69.472789
30,1957.0,5053.0,69.642857
35,1935.0,4943.0,70.153061
40,1943.0,4983.0,69.557823
50,1935.0,4943.0,69.557823
250,2295.0,6743.0,53.061224
500,2857.0,9553.0,28.996599
1000,3189.0,11213.0,14.795918
