Default GU,Interaction,Signals,Successful rate
1,3593.0,13161.0,68.792517
5,2265.0,6593.0,68.877551
10,2091.0,5723.0,68.877551
30,1963.0,5083.0,69.387755
35,1949.0,5013.0,69.557823
40,1947.0,5003.0,69.387755
50,1941.0,4973.0,69.302721
250,2283.0,6683.0,53.571429
500,2857.0,9553.0,28.996599
1000,3189.0,11213.0,14.795918
