Default GU,Interaction,Signals,Successful rate
1,3601.0,13191.0,68.027211
5,2285.0,6693.0,68.027211
10,2105.0,5793.0,68.282313
30,1973.0,5133.0,68.962585
35,1981.0,5173.0,68.197279
40,1955.0,5043.0,69.047619
50,1969.0,5113.0,68.112245
250,2309.0,6813.0,52.465986
500,2857.0,9553.0,28.996599
1000,3189.0,11213.0,14.795918
