Default GU,Interaction,Signals,Successful rate
1,3603.0,13201.0,67.942177
5,2289.0,6713.0,67.857143
10,2107.0,5803.0,68.197279
30,1977.0,5153.0,68.792517
35,1971.0,5123.0,68.622449
40,1959.0,5063.0,68.877551
50,1965.0,5093.0,68.282313
250,2283.0,6683.0,53.571429
500,2857.0,9553.0,28.996599
1000,3189.0,11213.0,14.795918
