Default GU,Interaction,Signals,Successful rate
1,3609.0,13225.0,67.431973
5,2299.0,6763.0,67.431973
10,2127.0,5903.0,67.346939
30,1999.0,5263.0,67.857143
35,1985.0,5193.0,68.027211
40,1981.0,5173.0,67.942177
50,1977.0,5153.0,67.772109
250,2305.0,6793.0,52.636054
500,2857.0,9553.0,28.996599
1000,3189.0,11213.0,14.795918
