Default GU,Interaction,Signals,Successful rate
1,3602.0,13197.0,68.112245
5,2279.0,6663.0,68.282313
10,2105.0,5793.0,68.282313
30,1977.0,5153.0,68.792517
35,1959.0,5063.0,69.132653
40,1961.0,5073.0,68.792517
50,1955.0,5043.0,68.707483
250,2303.0,6783.0,52.721088
500,2857.0,9553.0,28.996599
1000,3189.0,11213.0,14.795918
