Default GU,Interaction,Signals,Successful rate
1,3609.0,13225.0,67.431973
5,2301.0,6773.0,67.346939
10,2127.0,5903.0,67.346939
30,1995.0,5243.0,68.027211
35,1981.0,5173.0,68.197279
40,1981.0,5173.0,67.942177
50,1971.0,5123.0,68.027211
250,2303.0,6783.0,52.721088
500,2857.0,9553.0,28.996599
1000,3189.0,11213.0,14.795918
