Default GU,Interaction,Signals,Successful rate
1,3621.0,13273.0,66.411565
5,2325.0,6893.0,66.326531
10,2151.0,6023.0,66.326531
30,2025.0,5393.0,66.751701
35,2019.0,5363.0,66.581633
40,2007.0,5303.0,66.836735
50,2007.0,5303.0,66.496599
250,2309.0,6813.0,52.465986
500,2857.0,9553.0,28.996599
1000,3189.0,11213.0,14.795918
