Default GU,Interaction,Signals,Successful rate
1,3602.0,13195.0,67.942177
5,2287.0,6703.0,67.942177
10,2111.0,5823.0,68.027211
30,1977.0,5153.0,68.792517
35,1981.0,5173.0,68.197279
40,1961.0,5073.0,68.792517
50,1969.0,5113.0,68.112245
250,2305.0,6793.0,52.636054
500,2857.0,9553.0,28.996599
1000,3189.0,11213.0,14.795918
