Default GU,Interaction,Signals,Successful rate
1,3592.0,13157.0,68.962585
5,2263.0,6583.0,68.962585
10,2089.0,5713.0,68.962585
30,1957.0,5053.0,69.642857
35,1951.0,5023.0,69.472789
40,1943.0,4983.0,69.557823
50,1947.0,5003.0,69.047619
250,2305.0,6793.0,52.636054
500,2857.0,9553.0,28.996599
1000,3189.0,11213.0,14.795918
