Default GU,Interaction,Signals,Successful rate
1,3604.0,13205.0,67.942177
5,2285.0,6693.0,68.027211
10,2111.0,5823.0,68.027211
30,1987.0,5203.0,68.367347
35,1959.0,5063.0,69.132653
40,1971.0,5123.0,68.367347
50,1955.0,5043.0,68.707483
250,2295.0,6743.0,53.061224
500,2857.0,9553.0,28.996599
1000,3189.0,11213.0,14.795918
