Default GU,Interaction,Signals,Successful rate
1,3598.0,13181.0,68.367347
5,2271.0,6623.0,68.622449
10,2093.0,5733.0,68.792517
30,1967.0,5103.0,69.217687
35,1957.0,5053.0,69.217687
40,1951.0,5023.0,69.217687
50,1951.0,5023.0,68.877551
250,2303.0,6783.0,52.721088
500,2857.0,9553.0,28.996599
1000,3189.0,11213.0,14.795918
