Default GU,Interaction,Signals,Successful rate
1,3597.0,13177.0,68.537415
5,2273.0,6633.0,68.537415
10,2093.0,5733.0,68.792517
30,1967.0,5103.0,69.217687
35,1963.0,5083.0,68.962585
40,1949.0,5013.0,69.302721
50,1957.0,5053.0,68.622449
250,2309.0,6813.0,52.465986
500,2857.0,9553.0,28.996599
1000,3189.0,11213.0,14.795918
