Default GU,Interaction,Signals,Successful rate
1,3600.0,13189.0,68.197279
5,2275.0,6643.0,68.452381
10,2103.0,5783.0,68.367347
30,1981.0,5173.0,68.622449
35,1955.0,5043.0,69.302721
40,1963.0,5083.0,68.707483
50,1953.0,5033.0,68.792517
250,2293.0,6733.0,53.146259
500,2857.0,9553.0,28.996599
1000,3189.0,11213.0,14.795918
