Default GU,Interaction,Signals,Successful rate
1,3594.0,13165.0,68.792517
5,2269.0,6613.0,68.707483
10,2089.0,5713.0,68.962585
30,1955.0,5043.0,69.727891
35,1965.0,5093.0,68.877551
40,1939.0,4963.0,69.727891
50,1957.0,5053.0,68.622449
250,2277.0,6653.0,53.826531
500,2857.0,9553.0,28.996599
1000,3189.0,11213.0,14.795918
