Default GU,Interaction,Signals,Successful rate
1,3600.0,13185.0,68.027211
5,2287.0,6703.0,67.942177
10,2111.0,5823.0,68.027211
30,1977.0,5153.0,68.792517
35,1979.0,5163.0,68.282313
40,1959.0,5063.0,68.877551
50,1969.0,5113.0,68.112245
250,2309.0,6813.0,52.465986
500,2857.0,9553.0,28.996599
1000,3189.0,11213.0,14.795918
