Default GU,Interaction,Signals,Successful rate
1,3590.0,13149.0,69.132653
5,2259.0,6563.0,69.132653
10,2083.0,5683.0,69.217687
30,1955.0,5043.0,69.727891
35,1939.0,4963.0,69.982993
40,1941.0,4973.0,69.642857
50,1939.0,4963.0,69.387755
250,2303.0,6783.0,52.721088
500,2857.0,9553.0,28.996599
1000,3189.0,11213.0,14.795918
