Default GU,Interaction,Signals,Successful rate
1,3615.0,13249.0,66.921769
5,2309.0,6813.0,67.006803
10,2143.0,5983.0,66.666667
30,2003.0,5283.0,67.687075
35,2009.0,5313.0,67.006803
40,1987.0,5203.0,67.687075
50,1993.0,5233.0,67.091837
250,2307.0,6803.0,52.55102
500,2857.0,9553.0,28.996599
1000,3189.0,11213.0,14.795918
