Default GU,Interaction,Signals,Successful rate
1,3599.0,13185.0,68.282313
5,2277.0,6653.0,68.367347
10,2101.0,5773.0,68.452381
30,1975.0,5143.0,68.877551
35,1953.0,5033.0,69.387755
40,1961.0,5073.0,68.792517
50,1951.0,5023.0,68.877551
250,2281.0,6673.0,53.656463
500,2857.0,9553.0,28.996599
1000,3189.0,11213.0,14.795918
