Default GU,Interaction,Signals,Successful rate
1,3563.0,13041.0,71.428571
5,2205.0,6293.0,71.428571
10,2031.0,5423.0,71.428571
30,1917.0,4853.0,71.343537
35,1907.0,4803.0,71.343537
40,1903.0,4783.0,71.258503
50,1905.0,4793.0,70.833333
250,2289.0,6713.0,53.316327
500,2857.0,9553.0,28.996599
1000,3189.0,11213.0,14.795918
