Default GU,Interaction,Signals,Successful rate
1,3615.0,13247.0,66.836735
5,2315.0,6843.0,66.751701
10,2141.0,5973.0,66.751701
30,2011.0,5323.0,67.346939
35,2007.0,5303.0,67.091837
40,1995.0,5243.0,67.346939
50,1995.0,5243.0,67.006803
250,2303.0,6783.0,52.721088
500,2857.0,9553.0,28.996599
1000,3189.0,11213.0,14.795918
