Default GU,Interaction,Signals,Successful rate
1,3599.0,13183.0,68.197279
5,2281.0,6673.0,68.197279
10,2101.0,5773.0,68.452381
30,1975.0,5143.0,68.877551
35,1971.0,5123.0,68.622449
40,1957.0,5053.0,68.962585
50,1963.0,5083.0,68.367347
250,2309.0,6813.0,52.465986
500,2857.0,9553.0,28.996599
1000,3189.0,11213.0,14.795918
