Default GU,Interaction,Signals,Successful rate
1,3597.0,13177.0,68.537415
5,2269.0,6613.0,68.707483
10,2091.0,5723.0,68.877551
30,1965.0,5093.0,69.302721
35,1953.0,5033.0,69.387755
40,1949.0,5013.0,69.302721
50,1947.0,5003.0,69.047619
250,2303.0,6783.0,52.721088
500,2857.0,9553.0,28.996599
1000,3189.0,11213.0,14.795918
