Default GU,Interaction,Signals,Successful rate
1,3606.0,13211.0,67.602041
5,2299.0,6763.0,67.431973
10,2119.0,5863.0,67.687075
30,1987.0,5203.0,68.367347
35,1987.0,5203.0,67.942177
40,1973.0,5133.0,68.282313
50,1977.0,5153.0,67.772109
250,2305.0,6793.0,52.636054
500,2857.0,9553.0,28.996599
1000,3189.0,11213.0,14.795918
