Default GU,Interaction,Signals,Successful rate
1,3601.0,13191.0,68.027211
5,2283.0,6683.0,68.112245
10,2105.0,5793.0,68.282313
30,1969.0,5113.0,69.132653
35,1987.0,5203.0,67.942177
40,1955.0,5043.0,69.047619
50,1971.0,5123.0,68.027211
250,2307.0,6803.0,52.55102
500,2857.0,9553.0,28.996599
1000,3189.0,11213.0,14.795918
