Default GU,Interaction,Signals,Successful rate
1,2408.0,11970.0,69.047619
5,1078.0,5390.0,69.047619
10,894.0,4470.0,69.472789
50,764.0,3820.0,69.047619
250,1114.0,5570.0,52.97619
500,1674.0,8370.0,28.996599
1000,2006.0,10030.0,14.795918
2000,2006.0,10030.0,14.795918
