Default GU,Interaction,Signals,Successful rate
1,3610.0,13227.0,67.261905
5,2305.0,6793.0,67.176871
10,2129.0,5913.0,67.261905
30,1995.0,5243.0,68.027211
35,1991.0,5223.0,67.772109
40,1981.0,5173.0,67.942177
50,1983.0,5183.0,67.517007
250,2283.0,6683.0,53.571429
500,2857.0,9553.0,28.996599
1000,3189.0,11213.0,14.795918
