Default GU,Interaction,Signals,Successful rate
1,3583.0,13121.0,69.727891
5,2245.0,6493.0,69.727891
10,2067.0,5603.0,69.897959
30,1947.0,5003.0,70.068027
35,1937.0,4953.0,70.068027
40,1929.0,4913.0,70.153061
50,1939.0,4963.0,69.387755
250,2283.0,6683.0,53.571429
500,2857.0,9553.0,28.996599
1000,3189.0,11213.0,14.795918
