Default GU,Interaction,Signals,Successful rate
1,2416.0,12002.0,68.282313
5,1094.0,5470.0,68.367347
10,920.0,4600.0,68.367347
50,768.0,3840.0,68.877551
250,1120.0,5600.0,52.721088
500,1674.0,8370.0,28.996599
1000,2006.0,10030.0,14.795918
2000,2006.0,10030.0,14.795918
