Default GU,Interaction,Signals,Successful rate
1,3598.0,13177.0,68.197279
5,2281.0,6673.0,68.197279
10,2107.0,5803.0,68.197279
30,1977.0,5153.0,68.792517
35,1955.0,5043.0,69.302721
40,1963.0,5083.0,68.707483
50,1955.0,5043.0,68.707483
250,2287.0,6703.0,53.401361
500,2857.0,9553.0,28.996599
1000,3189.0,11213.0,14.795918
