Default GU,Interaction,Signals,Successful rate
1,3616.0,13253.0,66.836735
5,2315.0,6843.0,66.751701
10,2137.0,5953.0,66.921769
30,2009.0,5313.0,67.431973
35,2015.0,5343.0,66.751701
40,1991.0,5223.0,67.517007
50,1997.0,5253.0,66.921769
250,2309.0,6813.0,52.465986
500,2857.0,9553.0,28.996599
1000,3189.0,11213.0,14.795918
