Default GU,Interaction,Signals,Successful rate
1,3589.0,13145.0,69.217687
5,2257.0,6553.0,69.217687
10,2081.0,5673.0,69.302721
30,1961.0,5073.0,69.472789
35,1933.0,4933.0,70.238095
40,1943.0,4983.0,69.557823
50,1933.0,4933.0,69.642857
250,2295.0,6743.0,53.061224
500,2857.0,9553.0,28.996599
1000,3189.0,11213.0,14.795918
