Default GU,Interaction,Signals,Successful rate
1,3610.0,13229.0,67.346939
5,2299.0,6763.0,67.431973
10,2131.0,5923.0,67.176871
30,1995.0,5243.0,68.027211
35,1993.0,5233.0,67.687075
40,1977.0,5153.0,68.112245
50,1981.0,5173.0,67.602041
250,2309.0,6813.0,52.465986
500,2857.0,9553.0,28.996599
1000,3189.0,11213.0,14.795918
