Default GU,Interaction,Signals,Successful rate
1,3617.0,13255.0,66.666667
5,2319.0,6863.0,66.581633
10,2145.0,5993.0,66.581633
30,2019.0,5363.0,67.006803
35,2013.0,5333.0,66.836735
40,2001.0,5273.0,67.091837
50,2003.0,5283.0,66.666667
250,2303.0,6783.0,52.721088
500,2857.0,9553.0,28.996599
1000,3189.0,11213.0,14.795918
