Default GU,Interaction,Signals,Successful rate
1,3613.0,13241.0,67.091837
5,2309.0,6813.0,67.006803
10,2131.0,5923.0,67.176871
30,2001.0,5273.0,67.772109
35,2001.0,5273.0,67.346939
40,1983.0,5183.0,67.857143
50,1993.0,5233.0,67.091837
250,2303.0,6783.0,52.721088
500,2857.0,9553.0,28.996599
1000,3189.0,11213.0,14.795918
