Default GU,Interaction,Signals,Successful rate
1,3598.0,13181.0,68.367347
5,2271.0,6623.0,68.622449
10,2097.0,5753.0,68.622449
30,1969.0,5113.0,69.132653
35,1955.0,5043.0,69.302721
40,1955.0,5043.0,69.047619
50,1951.0,5023.0,68.877551
250,2305.0,6793.0,52.636054
500,2857.0,9553.0,28.996599
1000,3189.0,11213.0,14.795918
