Default GU,Interaction,Signals,Successful rate
1,3597.0,13177.0,68.537415
5,2273.0,6633.0,68.537415
10,2099.0,5763.0,68.537415
30,1965.0,5093.0,69.302721
35,1955.0,5043.0,69.302721
40,1949.0,5013.0,69.302721
50,1949.0,5013.0,68.962585
250,2305.0,6793.0,52.636054
500,2857.0,9553.0,28.996599
1000,3189.0,11213.0,14.795918
