Default GU,Interaction,Signals,Successful rate
1,3615.0,13249.0,66.921769
5,2311.0,6823.0,66.921769
10,2133.0,5933.0,67.091837
30,2003.0,5283.0,67.687075
35,2011.0,5323.0,66.921769
40,1987.0,5203.0,67.687075
50,1997.0,5253.0,66.921769
250,2303.0,6783.0,52.721088
500,2857.0,9553.0,28.996599
1000,3189.0,11213.0,14.795918
