Default GU,Interaction,Signals,Successful rate
1,3587.0,13137.0,69.387755
5,2253.0,6533.0,69.387755
10,2077.0,5653.0,69.472789
30,1951.0,5023.0,69.897959
35,1937.0,4953.0,70.068027
40,1935.0,4943.0,69.897959
50,1937.0,4953.0,69.472789
250,2301.0,6773.0,52.806122
500,2857.0,9553.0,28.996599
1000,3189.0,11213.0,14.795918
