Default GU,Interaction,Signals,Successful rate
1,3596.0,13169.0,68.367347
5,2275.0,6643.0,68.452381
10,2099.0,5763.0,68.537415
30,1967.0,5103.0,69.217687
35,1971.0,5123.0,68.622449
40,1951.0,5023.0,69.217687
50,1961.0,5073.0,68.452381
250,2307.0,6803.0,52.55102
500,2857.0,9553.0,28.996599
1000,3189.0,11213.0,14.795918
