Default GU,Interaction,Signals,Successful rate
1,3595.0,13169.0,68.707483
5,2267.0,6603.0,68.792517
10,2091.0,5723.0,68.877551
30,1959.0,5063.0,69.557823
35,1961.0,5073.0,69.047619
40,1941.0,4973.0,69.642857
50,1955.0,5043.0,68.707483
250,2281.0,6673.0,53.656463
500,2857.0,9553.0,28.996599
1000,3189.0,11213.0,14.795918
