Default GU,Interaction,Signals,Successful rate
1,3609.0,13225.0,67.431973
5,2301.0,6773.0,67.346939
10,2119.0,5863.0,67.687075
30,1989.0,5213.0,68.282313
35,1995.0,5243.0,67.602041
40,1975.0,5143.0,68.197279
50,1983.0,5183.0,67.517007
250,2309.0,6813.0,52.465986
500,2857.0,9553.0,28.996599
1000,3189.0,11213.0,14.795918
