Default GU,Interaction,Signals,Successful rate
1,3615.0,13247.0,66.836735
5,2313.0,6833.0,66.836735
10,2141.0,5973.0,66.751701
30,2013.0,5333.0,67.261905
35,2009.0,5313.0,67.006803
40,1997.0,5253.0,67.261905
50,1999.0,5263.0,66.836735
250,2303.0,6783.0,52.721088
500,2857.0,9553.0,28.996599
1000,3189.0,11213.0,14.795918
