Default GU,Interaction,Signals,Successful rate
1,3594.0,13165.0,68.792517
5,2267.0,6603.0,68.792517
10,2093.0,5733.0,68.792517
30,1963.0,5083.0,69.387755
35,1949.0,5013.0,69.557823
40,1949.0,5013.0,69.302721
50,1949.0,5013.0,68.962585
250,2305.0,6793.0,52.636054
500,2857.0,9553.0,28.996599
1000,3189.0,11213.0,14.795918
