Default GU,Interaction,Signals,Successful rate
1,3598.0,13177.0,68.197279
5,2281.0,6673.0,68.197279
10,2107.0,5803.0,68.197279
30,1979.0,5163.0,68.707483
35,1957.0,5053.0,69.217687
40,1963.0,5083.0,68.707483
50,1955.0,5043.0,68.707483
250,2285.0,6693.0,53.486395
500,2857.0,9553.0,28.996599
1000,3189.0,11213.0,14.795918
