Default GU,Interaction,Signals,Successful rate
1,3599.0,13185.0,68.367347
5,2275.0,6643.0,68.452381
10,2101.0,5773.0,68.452381
30,1973.0,5133.0,68.962585
35,1957.0,5053.0,69.217687
40,1957.0,5053.0,68.962585
50,1951.0,5023.0,68.877551
250,2305.0,6793.0,52.636054
500,2857.0,9553.0,28.996599
1000,3189.0,11213.0,14.795918
