Default GU,Interaction,Signals,Successful rate
1,3581.0,13113.0,69.897959
5,2241.0,6473.0,69.897959
10,2067.0,5603.0,69.897959
30,1943.0,4983.0,70.238095
35,1935.0,4943.0,70.153061
40,1927.0,4903.0,70.238095
50,1931.0,4923.0,69.727891
250,2297.0,6753.0,52.97619
500,2857.0,9553.0,28.996599
1000,3189.0,11213.0,14.795918
