Default GU,Interaction,Signals,Successful rate
1,3594.0,13165.0,68.792517
5,2261.0,6573.0,69.047619
10,2089.0,5713.0,68.962585
30,1959.0,5063.0,69.557823
35,1959.0,5063.0,69.132653
40,1941.0,4973.0,69.642857
50,1953.0,5033.0,68.792517
250,2277.0,6653.0,53.826531
500,2857.0,9553.0,28.996599
1000,3189.0,11213.0,14.795918
