Default GU,Interaction,Signals,Successful rate
1,3605.0,13205.0,67.602041
5,2299.0,6763.0,67.431973
10,2125.0,5893.0,67.431973
30,1997.0,5253.0,67.942177
35,1983.0,5183.0,68.112245
40,1981.0,5173.0,67.942177
50,1973.0,5133.0,67.942177
250,2307.0,6803.0,52.55102
500,2857.0,9553.0,28.996599
1000,3189.0,11213.0,14.795918
