Default GU,Interaction,Signals,Successful rate
1,2421.0,12020.0,67.772109
5,1110.0,5550.0,67.687075
10,930.0,4650.0,67.942177
50,784.0,3920.0,68.197279
250,1100.0,5500.0,53.571429
500,1674.0,8370.0,28.996599
1000,2006.0,10030.0,14.795918
2000,2006.0,10030.0,14.795918
