Default GU,Interaction,Signals,Successful rate
1,3595.0,13165.0,68.452381
5,2273.0,6633.0,68.537415
10,2099.0,5763.0,68.537415
30,1971.0,5123.0,69.047619
35,1955.0,5043.0,69.302721
40,1953.0,5033.0,69.132653
50,1953.0,5033.0,68.792517
250,2287.0,6703.0,53.401361
500,2857.0,9553.0,28.996599
1000,3189.0,11213.0,14.795918
