Default GU,Interaction,Signals,Successful rate
1,3606.0,13213.0,67.687075
5,2293.0,6733.0,67.687075
10,2119.0,5863.0,67.687075
30,1979.0,5163.0,68.707483
35,1983.0,5183.0,68.112245
40,1961.0,5073.0,68.792517
50,1975.0,5143.0,67.857143
250,2277.0,6653.0,53.826531
500,2857.0,9553.0,28.996599
1000,3189.0,11213.0,14.795918
