Default GU,Interaction,Signals,Successful rate
1,3599.0,13181.0,68.112245
5,2283.0,6683.0,68.112245
10,2109.0,5813.0,68.112245
30,1979.0,5163.0,68.707483
35,1961.0,5073.0,69.047619
40,1963.0,5083.0,68.707483
50,1957.0,5053.0,68.622449
250,2297.0,6753.0,52.97619
500,2857.0,9553.0,28.996599
1000,3189.0,11213.0,14.795918
