Default GU,Interaction,Signals,Successful rate
1,3595.0,13169.0,68.707483
5,2269.0,6613.0,68.707483
10,2091.0,5723.0,68.877551
30,1965.0,5093.0,69.302721
35,1941.0,4973.0,69.897959
40,1949.0,5013.0,69.302721
50,1943.0,4983.0,69.217687
250,2297.0,6753.0,52.97619
500,2857.0,9553.0,28.996599
1000,3189.0,11213.0,14.795918
