Default GU,Interaction,Signals,Successful rate
1,3591.0,13153.0,69.047619
5,2261.0,6573.0,69.047619
10,2083.0,5683.0,69.217687
30,1953.0,5033.0,69.812925
35,1951.0,5023.0,69.472789
40,1939.0,4963.0,69.727891
50,1947.0,5003.0,69.047619
250,2303.0,6783.0,52.721088
500,2857.0,9553.0,28.996599
1000,3189.0,11213.0,14.795918
