Default GU,Interaction,Signals,Successful rate
1,2378.0,11850.0,71.598639
5,1018.0,5090.0,71.598639
10,844.0,4220.0,71.598639
50,712.0,3560.0,71.258503
250,1096.0,5480.0,53.741497
500,1674.0,8370.0,28.996599
1000,2006.0,10030.0,14.795918
2000,2006.0,10030.0,14.795918
