Default GU,Interaction,Signals,Successful rate
1,3593.0,13161.0,68.792517
5,2267.0,6603.0,68.792517
10,2089.0,5713.0,68.962585
30,1959.0,5063.0,69.557823
35,1955.0,5043.0,69.302721
40,1945.0,4993.0,69.472789
50,1945.0,4993.0,69.132653
250,2289.0,6713.0,53.316327
500,2857.0,9553.0,28.996599
1000,3189.0,11213.0,14.795918
