Default GU,Interaction,Signals,Successful rate
1,3602.0,13197.0,68.112245
5,2283.0,6683.0,68.112245
10,2103.0,5783.0,68.367347
30,1977.0,5153.0,68.792517
35,1973.0,5133.0,68.537415
40,1959.0,5063.0,68.877551
50,1965.0,5093.0,68.282313
250,2291.0,6723.0,53.231293
500,2857.0,9553.0,28.996599
1000,3189.0,11213.0,14.795918
