Default GU,Interaction,Signals,Successful rate
1,3595.0,13169.0,68.707483
5,2269.0,6613.0,68.707483
10,2089.0,5713.0,68.962585
30,1965.0,5093.0,69.302721
35,1959.0,5063.0,69.132653
40,1947.0,5003.0,69.387755
50,1957.0,5053.0,68.622449
250,2283.0,6683.0,53.571429
500,2857.0,9553.0,28.996599
1000,3189.0,11213.0,14.795918
