Default GU,Interaction,Signals,Successful rate
1,3595.0,13169.0,68.707483
5,2267.0,6603.0,68.792517
10,2093.0,5733.0,68.792517
30,1961.0,5073.0,69.472789
35,1957.0,5053.0,69.217687
40,1943.0,4983.0,69.557823
50,1951.0,5023.0,68.877551
250,2307.0,6803.0,52.55102
500,2857.0,9553.0,28.996599
1000,3189.0,11213.0,14.795918
