Default GU,Interaction,Signals,Successful rate
1,3598.0,13177.0,68.197279
5,2279.0,6663.0,68.282313
10,2103.0,5783.0,68.367347
30,1977.0,5153.0,68.792517
35,1963.0,5083.0,68.962585
40,1959.0,5063.0,68.877551
50,1957.0,5053.0,68.622449
250,2287.0,6703.0,53.401361
500,2857.0,9553.0,28.996599
1000,3189.0,11213.0,14.795918
