Default GU,Interaction,Signals,Successful rate
1,3591.0,13153.0,68.962585
5,2263.0,6583.0,68.962585
10,2083.0,5683.0,69.217687
30,1965.0,5093.0,69.302721
35,1937.0,4953.0,70.068027
40,1949.0,5013.0,69.302721
50,1935.0,4943.0,69.557823
250,2295.0,6743.0,53.061224
500,2857.0,9553.0,28.996599
1000,3189.0,11213.0,14.795918
