Default GU,Interaction,Signals,Successful rate
1,3578.0,13101.0,70.153061
5,2235.0,6443.0,70.153061
10,2059.0,5563.0,70.238095
30,1939.0,4963.0,70.408163
35,1933.0,4933.0,70.238095
40,1921.0,4873.0,70.493197
50,1927.0,4903.0,69.897959
250,2283.0,6683.0,53.571429
500,2857.0,9553.0,28.996599
1000,3189.0,11213.0,14.795918
