Default GU,Interaction,Signals,Successful rate
1,3592.0,13157.0,68.962585
5,2263.0,6583.0,68.962585
10,2089.0,5713.0,68.962585
30,1965.0,5093.0,69.302721
35,1941.0,4973.0,69.897959
40,1949.0,5013.0,69.302721
50,1935.0,4943.0,69.557823
250,2305.0,6793.0,52.636054
500,2857.0,9553.0,28.996599
1000,3189.0,11213.0,14.795918
