Default GU,Interaction,Signals,Successful rate
1,3596.0,13169.0,68.367347
5,2275.0,6643.0,68.452381
10,2095.0,5743.0,68.707483
30,1965.0,5093.0,69.302721
35,1961.0,5073.0,69.047619
40,1951.0,5023.0,69.217687
50,1955.0,5043.0,68.707483
250,2279.0,6663.0,53.741497
500,2857.0,9553.0,28.996599
1000,3189.0,11213.0,14.795918
