Default GU,Interaction,Signals,Successful rate
1,3614.0,13243.0,66.921769
5,2313.0,6833.0,66.836735
10,2137.0,5953.0,66.921769
30,2013.0,5333.0,67.261905
35,2007.0,5303.0,67.091837
40,1993.0,5233.0,67.431973
50,1999.0,5263.0,66.836735
250,2305.0,6793.0,52.636054
500,2857.0,9553.0,28.996599
1000,3189.0,11213.0,14.795918
