Default GU,Interaction,Signals,Successful rate
1,3610.0,13227.0,67.261905
5,2305.0,6793.0,67.176871
10,2125.0,5893.0,67.431973
30,1997.0,5253.0,67.942177
35,1993.0,5233.0,67.687075
40,1981.0,5173.0,67.942177
50,1983.0,5183.0,67.517007
250,2281.0,6673.0,53.656463
500,2857.0,9553.0,28.996599
1000,3189.0,11213.0,14.795918
