Default GU,Interaction,Signals,Successful rate
1,2396.0,11922.0,70.068027
5,1054.0,5270.0,70.068027
10,878.0,4390.0,70.153061
50,742.0,3710.0,69.982993
250,1124.0,5620.0,52.55102
500,1674.0,8370.0,28.996599
1000,2006.0,10030.0,14.795918
2000,2006.0,10030.0,14.795918
