Default GU,Interaction,Signals,Successful rate
1,3608.0,13219.0,67.431973
5,2301.0,6773.0,67.346939
10,2117.0,5853.0,67.772109
30,1989.0,5213.0,68.282313
35,1997.0,5253.0,67.517007
40,1973.0,5133.0,68.282313
50,1981.0,5173.0,67.602041
250,2309.0,6813.0,52.465986
500,2857.0,9553.0,28.996599
1000,3189.0,11213.0,14.795918
