Default GU,Interaction,Signals,Successful rate
1,3613.0,13241.0,67.176871
5,2309.0,6813.0,67.006803
10,2127.0,5903.0,67.346939
30,1999.0,5263.0,67.857143
35,1993.0,5233.0,67.687075
40,1983.0,5183.0,67.857143
50,1987.0,5203.0,67.346939
250,2305.0,6793.0,52.636054
500,2857.0,9553.0,28.996599
1000,3189.0,11213.0,14.795918
