Default GU,Interaction,Signals,Successful rate
1,3600.0,13189.0,68.197279
5,2277.0,6653.0,68.367347
10,2107.0,5803.0,68.197279
30,1965.0,5093.0,69.302721
35,1967.0,5103.0,68.792517
40,1949.0,5013.0,69.302721
50,1961.0,5073.0,68.452381
250,2305.0,6793.0,52.636054
500,2857.0,9553.0,28.996599
1000,3189.0,11213.0,14.795918
