Default GU,Interaction,Signals,Successful rate
1,3615.0,13249.0,67.006803
5,2315.0,6843.0,66.751701
10,2137.0,5953.0,66.921769
30,2005.0,5293.0,67.602041
35,2005.0,5293.0,67.176871
40,1991.0,5223.0,67.517007
50,1989.0,5213.0,67.261905
250,2287.0,6703.0,53.401361
500,2857.0,9553.0,28.996599
1000,3189.0,11213.0,14.795918
