Default GU,Interaction,Signals,Successful rate
1,3607.0,13217.0,67.602041
5,2293.0,6733.0,67.687075
10,2121.0,5873.0,67.602041
30,1991.0,5223.0,68.197279
35,1973.0,5133.0,68.537415
40,1977.0,5153.0,68.112245
50,1969.0,5113.0,68.112245
250,2305.0,6793.0,52.636054
500,2857.0,9553.0,28.996599
1000,3189.0,11213.0,14.795918
